1998-      |                    ^
1999-8 warnings generated.
2000-[304/651] Building CXX object src/slic3r/CMakeFiles/libslic3r_gui.dir/GUI/3DScene.cpp.o
2001:FAILED: [code=1] src/slic3r/CMakeFiles/libslic3r_gui.dir/GUI/3DScene.cpp.o 
2002-ccache /usr/bin/c++ -DBBL_RELEASE_TO_PUBLIC=1 -DBOOST_NO_CXX98_FUNCTION_BASE -DGIT_COMMIT_HASH=\"395e070a0e\" -DLIBNEST2D_GEOMETRIES_libslic3r -DLIBNEST2D_OPTIMIZER_nlopt -DLIBNEST2D_STATIC -DLIBNEST2D_THREADING_tbb -DNDEBUG -DSLIC3R_CURRENTLY_COMPILING_GUI_MODULE -DSLIC3R_DESKTOP_INTEGRATION -DSLIC3R_GUI -DTBB_USE_CAPTURED_EXCEPTION=0 -DUNICODE -DUSE_TBB -DWXINTL_NO_GETTEXT_MACRO -D_FILE_OFFSET_BITS=64 -D_HAS_AUTO_PTR_ETC=0 -D_UNICODE -D__WXOSX_IPHONE__ -DwxDEBUG_LEVEL=0 -DwxNO_UNSAFE_WXSTRING_CONV -DwxUSE_UNICODE -I/Users/runner/work/Orca-iOS-ipa/Orca-iOS-ipa/orca/src/slic3r/Utils -I/Users/runner/work/Orca-iOS-ipa/Orca-iOS-ipa/orca/build/src/slic3r -I/Users/runner/work/Orca-iOS-ipa/Orca-iOS-ipa/orca/build/src/libslic3r -I/Users/runner/work/Orca-iOS-ipa/Orca-iOS-ipa/orca/src/libvgcode/glad/include -I/Users/runner/work/Orca-iOS-ipa/Orca-iOS-ipa/orca/src/glad/include-es -I/Users/runner/work/Orca-iOS-ipa/Orca-iOS-ipa/orca/src/glad/../libvgcode/glad/include -isystem /Users/runner/work/Orca-iOS-ipa/Orca-iOS-ipa/orca/src -isystem /Users/runner/work/Orca-iOS-ipa/Orca-iOS-ipa/orca/build/src/dev-utils/platform -isystem /Users/runner/work/Orca-iOS-ipa/Orca-iOS-ipa/orca/src/libigl -isystem /Users/runner/work/Orca-iOS-ipa/Orca-iOS-ipa/ios-prefix/usr/local/include/opencascade -isystem /Users/runner/work/Orca-iOS-ipa/Orca-iOS-ipa/ios-prefix/usr/local/include/eigen3 -isystem /Users/runner/work/Orca-iOS-ipa/Orca-iOS-ipa/orca/deps_src/admesh -isystem /Users/runner/work/Orca-iOS-ipa/Orca-iOS-ipa/orca/deps_src/admesh/.. -isystem /Users/runner/work/Orca-iOS-ipa/Orca-iOS-ipa/orca/deps_src/libigl -isystem /Users/runner/work/Orca-iOS-ipa/Orca-iOS-ipa/orca/deps_src/libnest2d/include -isystem /Users/runner/work/Orca-iOS-ipa/Orca-iOS-ipa/ios-prefix/usr/local/include -isystem /Users/runner/work/Orca-iOS-ipa/Orca-iOS-ipa/orca/deps_src/miniz -isystem /Users/runner/work/Orca-iOS-ipa/Orca-iOS-ipa/ios-prefix/usr/local/include/opencv4 -isystem /Users/runner/work/Orca-iOS-ipa/Orca-iOS-ipa/orca/deps_src/imgui -isystem /Users/runner/work/Orca-iOS-ipa/Orca-iOS-ipa/orca/deps_src/imguizmo -isystem /Users/runner/work/Orca-iOS-ipa/Orca-iOS-ipa/orca/deps_src/minilzo -isystem /Users/runner/work/Orca-iOS-ipa/Orca-iOS-ipa/orca/deps_src/hidapi/include -isystem /Users/runner/work/Orca-iOS-ipa/Orca-iOS-ipa/orca/deps_src/mdns -isystem /Users/runner/work/Orca-iOS-ipa/Orca-iOS-ipa/wx-prefix/lib/wx/include/osx_iphone-unicode-static-3.3 -isystem /Users/runner/work/Orca-iOS-ipa/Orca-iOS-ipa/wx-prefix/include/wx-3.3 -Wall -Wno-reorder -Werror=partial-availability -Werror=unguarded-availability -Werror=unguarded-availability-new -O3 -DNDEBUG -std=gnu++17 -arch arm64 -isysroot /Applications/Xcode_16.4.app/Contents/Developer/Platforms/iPhoneSimulator.platform/Developer/SDKs/iPhoneSimulator18.5.sdk -mios-simulator-version-min=17.0 -fPIC -fsigned-char -Werror=return-type -Wno-unused-function -Wno-unused-variable -Wno-unused-but-set-variable -Wno-unused-label -Wno-unused-local-typedefs -Wno-sign-compare -Wno-misleading-indentation -Wno-switch -Wno-ignored-attributes -Wno-deprecated-declarations -Wno-error=enum-constexpr-conversion -Winvalid-pch -Xclang -include-pch -Xclang /Users/runner/work/Orca-iOS-ipa/Orca-iOS-ipa/orca/build/src/slic3r/CMakeFiles/libslic3r_gui.dir/cmake_pch.hxx.pch -Xclang -include -Xclang /Users/runner/work/Orca-iOS-ipa/Orca-iOS-ipa/orca/build/src/slic3r/CMakeFiles/libslic3r_gui.dir/cmake_pch.hxx -MD -MT src/slic3r/CMakeFiles/libslic3r_gui.dir/GUI/3DScene.cpp.o -MF src/slic3r/CMakeFiles/libslic3r_gui.dir/GUI/3DScene.cpp.o.d -o src/slic3r/CMakeFiles/libslic3r_gui.dir/GUI/3DScene.cpp.o -c /Users/runner/work/Orca-iOS-ipa/Orca-iOS-ipa/orca/src/slic3r/GUI/3DScene.cpp
2003-In file included from /Users/runner/work/Orca-iOS-ipa/Orca-iOS-ipa/orca/src/slic3r/GUI/3DScene.cpp:7:
2004-In file included from /Users/runner/work/Orca-iOS-ipa/Orca-iOS-ipa/orca/src/slic3r/GUI/Plater.hpp:20:
2005-In file included from /Users/runner/work/Orca-iOS-ipa/Orca-iOS-ipa/orca/src/slic3r/GUI/Search.hpp:22:
2006-/Users/runner/work/Orca-iOS-ipa/Orca-iOS-ipa/orca/src/slic3r/GUI/Widgets/ScrolledWindow.hpp:18:10: warning: 'ScrolledWindow::Refresh' hides overloaded virtual function [-Woverloaded-virtual]
2007-   18 |     void Refresh();
2008-      |          ^
2009-/Users/runner/work/Orca-iOS-ipa/Orca-iOS-ipa/wx-prefix/include/wx-3.3/wx/osx/window.h:79:18: note: hidden overloaded virtual function 'wxWindow::Refresh' declared here: different number of parameters (2 vs 0)
2010-   79 |     virtual void Refresh( bool eraseBackground = true,
2011-      |                  ^
2012-In file included from /Users/runner/work/Orca-iOS-ipa/Orca-iOS-ipa/orca/src/slic3r/GUI/3DScene.cpp:7:
2013-In file included from /Users/runner/work/Orca-iOS-ipa/Orca-iOS-ipa/orca/src/slic3r/GUI/Plater.hpp:20:
2014-In file included from /Users/runner/work/Orca-iOS-ipa/Orca-iOS-ipa/orca/src/slic3r/GUI/Search.hpp:22:
2015-/Users/runner/work/Orca-iOS-ipa/Orca-iOS-ipa/orca/src/slic3r/GUI/Widgets/ScrolledWindow.hpp:19:10: warning: 'ScrolledWindow::SetBackgroundColour' hides overloaded virtual function [-Woverloaded-virtual]
2016-   19 |     void SetBackgroundColour(wxColour color);
2017-      |          ^
2018-/Users/runner/work/Orca-iOS-ipa/Orca-iOS-ipa/wx-prefix/include/wx-3.3/wx/osx/window.h:86:18: note: hidden overloaded virtual function 'wxWindow::SetBackgroundColour' declared here: type mismatch at 1st parameter ('const wxColour &' vs 'wxColour')
2019-   86 |     virtual bool SetBackgroundColour( const wxColour &colour ) override;
2020-      |                  ^
2021-In file included from /Users/runner/work/Orca-iOS-ipa/Orca-iOS-ipa/orca/src/slic3r/GUI/3DScene.cpp:7:
2022-In file included from /Users/runner/work/Orca-iOS-ipa/Orca-iOS-ipa/orca/src/slic3r/GUI/Plater.hpp:20:
2023-/Users/runner/work/Orca-iOS-ipa/Orca-iOS-ipa/orca/src/slic3r/GUI/Search.hpp:220:10: warning: 'Slic3r::Search::SearchDialog::Popup' hides overloaded virtual function [-Woverloaded-virtual]
2024-  220 |     void Popup(wxPoint position = wxDefaultPosition);
2025-      |          ^
2026-/Users/runner/work/Orca-iOS-ipa/Orca-iOS-ipa/wx-prefix/include/wx-3.3/wx/popupwin.h:167:18: note: hidden overloaded virtual function 'wxPopupTransientWindow::Popup' declared here: type mismatch at 1st parameter ('wxWindow *' vs 'wxPoint')
2027-  167 |     virtual void Popup(wxWindow *focus = nullptr) override;
2028-      |                  ^
2029-In file included from /Users/runner/work/Orca-iOS-ipa/Orca-iOS-ipa/orca/src/slic3r/GUI/3DScene.cpp:7:
2030-In file included from /Users/runner/work/Orca-iOS-ipa/Orca-iOS-ipa/orca/src/slic3r/GUI/Plater.hpp:20:
2031-/Users/runner/work/Orca-iOS-ipa/Orca-iOS-ipa/orca/src/slic3r/GUI/Search.hpp:264:10: warning: 'Slic3r::Search::SearchObjectDialog::Popup' hides overloaded virtual function [-Woverloaded-virtual]
2032-  264 |     void Popup(wxPoint position = wxDefaultPosition);
2033-      |          ^
2034-/Users/runner/work/Orca-iOS-ipa/Orca-iOS-ipa/wx-prefix/include/wx-3.3/wx/popupwin.h:167:18: note: hidden overloaded virtual function 'wxPopupTransientWindow::Popup' declared here: type mismatch at 1st parameter ('wxWindow *' vs 'wxPoint')
2035-  167 |     virtual void Popup(wxWindow *focus = nullptr) override;
2036-      |                  ^
2037-In file included from /Users/runner/work/Orca-iOS-ipa/Orca-iOS-ipa/orca/src/slic3r/GUI/3DScene.cpp:7:
2038-In file included from /Users/runner/work/Orca-iOS-ipa/Orca-iOS-ipa/orca/src/slic3r/GUI/Plater.hpp:21:
2039-In file included from /Users/runner/work/Orca-iOS-ipa/Orca-iOS-ipa/orca/src/slic3r/GUI/PartPlate.hpp:19:
2040-/Users/runner/work/Orca-iOS-ipa/Orca-iOS-ipa/orca/src/slic3r/GUI/GLCanvas3D.hpp:1153:50: warning: all paths through this function will call itself [-Winfinite-recursion]
2041- 1153 |     ArrangeSettings get_arrange_settings() const {
2042-      |                                                  ^
2043:/Users/runner/work/Orca-iOS-ipa/Orca-iOS-ipa/orca/src/slic3r/GUI/3DScene.cpp:517:18: error: no member named 'glGenFramebuffersEXT' in the global namespace
2044-  517 |         glsafe(::glGenFramebuffersEXT(1, &depth_fbo));
2045-      |                ~~^
2046-/Users/runner/work/Orca-iOS-ipa/Orca-iOS-ipa/orca/src/slic3r/GUI/3DScene.hpp:33:25: note: expanded from macro 'glsafe'
2047-   33 |     #define glsafe(cmd) cmd
2048-      |                         ^~~
2049:/Users/runner/work/Orca-iOS-ipa/Orca-iOS-ipa/orca/src/slic3r/GUI/3DScene.cpp:518:18: error: no member named 'glBindFramebufferEXT' in the global namespace
2050-  518 |         glsafe(::glBindFramebufferEXT(GL_FRAMEBUFFER_EXT, depth_fbo));
2051-      |                ~~^
2052-/Users/runner/work/Orca-iOS-ipa/Orca-iOS-ipa/orca/src/slic3r/GUI/3DScene.hpp:33:25: note: expanded from macro 'glsafe'
2053-   33 |     #define glsafe(cmd) cmd
2054-      |                         ^~~
2055:/Users/runner/work/Orca-iOS-ipa/Orca-iOS-ipa/orca/src/slic3r/GUI/3DScene.cpp:518:39: error: use of undeclared identifier 'GL_FRAMEBUFFER_EXT'
2056-  518 |         glsafe(::glBindFramebufferEXT(GL_FRAMEBUFFER_EXT, depth_fbo));
2057-      |                                       ^
2058:/Users/runner/work/Orca-iOS-ipa/Orca-iOS-ipa/orca/src/slic3r/GUI/3DScene.cpp:529:41: error: use of undeclared identifier 'GL_FRAMEBUFFER_EXT'
2059-  529 |         glsafe(::glFramebufferTexture2D(GL_FRAMEBUFFER_EXT, GL_DEPTH_ATTACHMENT_EXT, GL_TEXTURE_2D, depth_tex, 0));
2060-      |                                         ^
2061:/Users/runner/work/Orca-iOS-ipa/Orca-iOS-ipa/orca/src/slic3r/GUI/3DScene.cpp:529:61: error: use of undeclared identifier 'GL_DEPTH_ATTACHMENT_EXT'
2062-  529 |         glsafe(::glFramebufferTexture2D(GL_FRAMEBUFFER_EXT, GL_DEPTH_ATTACHMENT_EXT, GL_TEXTURE_2D, depth_tex, 0));
2063-      |                                                             ^
2064:/Users/runner/work/Orca-iOS-ipa/Orca-iOS-ipa/orca/src/slic3r/GUI/3DScene.cpp:542:18: error: no member named 'glBindFramebufferEXT' in the global namespace
2065-  542 |         glsafe(::glBindFramebufferEXT(GL_FRAMEBUFFER_EXT, 0));
2066-      |                ~~^
2067-/Users/runner/work/Orca-iOS-ipa/Orca-iOS-ipa/orca/src/slic3r/GUI/3DScene.hpp:33:25: note: expanded from macro 'glsafe'
2068-   33 |     #define glsafe(cmd) cmd
2069-      |                         ^~~
2070:/Users/runner/work/Orca-iOS-ipa/Orca-iOS-ipa/orca/src/slic3r/GUI/3DScene.cpp:542:39: error: use of undeclared identifier 'GL_FRAMEBUFFER_EXT'
2071-  542 |         glsafe(::glBindFramebufferEXT(GL_FRAMEBUFFER_EXT, 0));
2072-      |                                       ^
2073:/Users/runner/work/Orca-iOS-ipa/Orca-iOS-ipa/orca/src/slic3r/GUI/3DScene.cpp:559:18: error: no member named 'glBindFramebufferEXT' in the global namespace
2074-  559 |         glsafe(::glBindFramebufferEXT(GL_FRAMEBUFFER_EXT, 0));
2075-      |                ~~^
2076-/Users/runner/work/Orca-iOS-ipa/Orca-iOS-ipa/orca/src/slic3r/GUI/3DScene.hpp:33:25: note: expanded from macro 'glsafe'
2077-   33 |     #define glsafe(cmd) cmd
2078-      |                         ^~~
2079:/Users/runner/work/Orca-iOS-ipa/Orca-iOS-ipa/orca/src/slic3r/GUI/3DScene.cpp:559:39: error: use of undeclared identifier 'GL_FRAMEBUFFER_EXT'
2080-  559 |         glsafe(::glBindFramebufferEXT(GL_FRAMEBUFFER_EXT, 0));
2081-      |                                       ^
2082:/Users/runner/work/Orca-iOS-ipa/Orca-iOS-ipa/orca/src/slic3r/GUI/3DScene.cpp:561:22: error: no member named 'glDeleteFramebuffersEXT' in the global namespace; did you mean 'glad_glDeleteFramebuffers'?
2083-  561 |             glsafe(::glDeleteFramebuffersEXT(1, &depth_fbo));
2084-      |                    ~~^~~~~~~~~~~~~~~~~~~~~~~
2085-      |                      glad_glDeleteFramebuffers
2086-/Users/runner/work/Orca-iOS-ipa/Orca-iOS-ipa/orca/src/slic3r/GUI/3DScene.hpp:33:25: note: expanded from macro 'glsafe'
2087-   33 |     #define glsafe(cmd) cmd
2088-      |                         ^~~
2089-/Users/runner/work/Orca-iOS-ipa/Orca-iOS-ipa/orca/src/libvgcode/glad/include/glad/gles2.h:1217:43: note: 'glad_glDeleteFramebuffers' declared here
2090- 1217 | GLAD_API_CALL PFNGLDELETEFRAMEBUFFERSPROC glad_glDeleteFramebuffers;
2091-      |                                           ^
2092-5 warnings and 10 errors generated.
2093-[305/651] Building CXX object src/slic3r/CMakeFiles/libslic3r_gui.dir/GUI/AboutDialog.cpp.o
2094-In file included from /Users/runner/work/Orca-iOS-ipa/Orca-iOS-ipa/orca/src/slic3r/GUI/AboutDialog.cpp:8:
2095-In file included from /Users/runner/work/Orca-iOS-ipa/Orca-iOS-ipa/orca/src/slic3r/GUI/MainFrame.hpp:21:
2096-In file included from /Users/runner/work/Orca-iOS-ipa/Orca-iOS-ipa/orca/src/slic3r/GUI/Monitor.hpp:4:
2097-/Users/runner/work/Orca-iOS-ipa/Orca-iOS-ipa/orca/src/slic3r/GUI/Tabbook.hpp:143:10: warning: 'Tabbook::AddPage' hides overloaded virtual function [-Woverloaded-virtual]
2098-  143 |     bool AddPage(wxWindow* page,
2099-      |          ^
2100-/Users/runner/work/Orca-iOS-ipa/Orca-iOS-ipa/wx-prefix/include/wx-3.3/wx/bookctrl.h:177:18: note: hidden overloaded virtual function 'wxBookCtrlBase::AddPage' declared here: type mismatch at 3rd parameter ('bool' vs 'const std::string &' (aka 'const basic_string<char> &'))
2101-  177 |     virtual bool AddPage(wxWindow *page,
2102-      |                  ^
2103-In file included from /Users/runner/work/Orca-iOS-ipa/Orca-iOS-ipa/orca/src/slic3r/GUI/AboutDialog.cpp:8:
2104-In file included from /Users/runner/work/Orca-iOS-ipa/Orca-iOS-ipa/orca/src/slic3r/GUI/MainFrame.hpp:21:
2105-In file included from /Users/runner/work/Orca-iOS-ipa/Orca-iOS-ipa/orca/src/slic3r/GUI/Monitor.hpp:4:
2106-/Users/runner/work/Orca-iOS-ipa/Orca-iOS-ipa/orca/src/slic3r/GUI/Tabbook.hpp:187:10: warning: 'RemovePage' overrides a member function but is not marked 'override' [-Winconsistent-missing-override]
2107-  187 |     bool RemovePage(size_t n)
2108-      |          ^
2109-/Users/runner/work/Orca-iOS-ipa/Orca-iOS-ipa/wx-prefix/include/wx-3.3/wx/bookctrl.h:161:18: note: overridden virtual function is here
2110-  161 |     virtual bool RemovePage(size_t n)
2111-      |                  ^
2112-In file included from /Users/runner/work/Orca-iOS-ipa/Orca-iOS-ipa/orca/src/slic3r/GUI/AboutDialog.cpp:8:
2113-In file included from /Users/runner/work/Orca-iOS-ipa/Orca-iOS-ipa/orca/src/slic3r/GUI/MainFrame.hpp:24:
2114-In file included from /Users/runner/work/Orca-iOS-ipa/Orca-iOS-ipa/orca/src/slic3r/GUI/CalibrationPanel.hpp:4:
2115-In file included from /Users/runner/work/Orca-iOS-ipa/Orca-iOS-ipa/orca/src/slic3r/GUI/CalibrationWizard.hpp:8:
2116-/Users/runner/work/Orca-iOS-ipa/Orca-iOS-ipa/orca/src/slic3r/GUI/CalibrationWizardStartPage.hpp:51:10: warning: 'on_reset_page' overrides a member function but is not marked 'override' [-Winconsistent-missing-override]
2117-   51 |     void on_reset_page();
2118-      |          ^
2119-/Users/runner/work/Orca-iOS-ipa/Orca-iOS-ipa/orca/src/slic3r/GUI/CalibrationWizardPage.hpp:310:18: note: overridden virtual function is here
2120-  310 |     virtual void on_reset_page() {}
2121-      |                  ^
2122-In file included from /Users/runner/work/Orca-iOS-ipa/Orca-iOS-ipa/orca/src/slic3r/GUI/AboutDialog.cpp:8:
2123-In file included from /Users/runner/work/Orca-iOS-ipa/Orca-iOS-ipa/orca/src/slic3r/GUI/MainFrame.hpp:24:
2124-In file included from /Users/runner/work/Orca-iOS-ipa/Orca-iOS-ipa/orca/src/slic3r/GUI/CalibrationPanel.hpp:4:
2125-In file included from /Users/runner/work/Orca-iOS-ipa/Orca-iOS-ipa/orca/src/slic3r/GUI/CalibrationWizard.hpp:8:
2126-/Users/runner/work/Orca-iOS-ipa/Orca-iOS-ipa/orca/src/slic3r/GUI/CalibrationWizardStartPage.hpp:52:10: warning: 'on_device_connected' overrides a member function but is not marked 'override' [-Winconsistent-missing-override]
2127-   52 |     void on_device_connected(MachineObject* obj);
2128-      |          ^
2129-/Users/runner/work/Orca-iOS-ipa/Orca-iOS-ipa/orca/src/slic3r/GUI/CalibrationWizardPage.hpp:308:18: note: overridden virtual function is here
2130-  308 |     virtual void on_device_connected(MachineObject* obj) { curr_obj = obj; }
2131-      |                  ^
2132-In file included from /Users/runner/work/Orca-iOS-ipa/Orca-iOS-ipa/orca/src/slic3r/GUI/AboutDialog.cpp:8:
2133-In file included from /Users/runner/work/Orca-iOS-ipa/Orca-iOS-ipa/orca/src/slic3r/GUI/MainFrame.hpp:24:
2134-In file included from /Users/runner/work/Orca-iOS-ipa/Orca-iOS-ipa/orca/src/slic3r/GUI/CalibrationPanel.hpp:4:
2135-In file included from /Users/runner/work/Orca-iOS-ipa/Orca-iOS-ipa/orca/src/slic3r/GUI/CalibrationWizard.hpp:8:
2136-/Users/runner/work/Orca-iOS-ipa/Orca-iOS-ipa/orca/src/slic3r/GUI/CalibrationWizardStartPage.hpp:66:10: warning: 'on_reset_page' overrides a member function but is not marked 'override' [-Winconsistent-missing-override]
2137-   66 |     void on_reset_page();
2138-      |          ^
2139-/Users/runner/work/Orca-iOS-ipa/Orca-iOS-ipa/orca/src/slic3r/GUI/CalibrationWizardPage.hpp:310:18: note: overridden virtual function is here
2140-  310 |     virtual void on_reset_page() {}
2141-      |                  ^
2142-In file included from /Users/runner/work/Orca-iOS-ipa/Orca-iOS-ipa/orca/src/slic3r/GUI/AboutDialog.cpp:8:
--
7060-      |                        ^~~~
7061-2 warnings generated.
7062-[369/651] Building CXX object src/slic3r/CMakeFiles/libslic3r_gui.dir/GUI/Gizmos/GLGizmoMove.cpp.o
7063:FAILED: [code=1] src/slic3r/CMakeFiles/libslic3r_gui.dir/GUI/Gizmos/GLGizmoMove.cpp.o 
7064-ccache /usr/bin/c++ -DBBL_RELEASE_TO_PUBLIC=1 -DBOOST_NO_CXX98_FUNCTION_BASE -DGIT_COMMIT_HASH=\"395e070a0e\" -DLIBNEST2D_GEOMETRIES_libslic3r -DLIBNEST2D_OPTIMIZER_nlopt -DLIBNEST2D_STATIC -DLIBNEST2D_THREADING_tbb -DNDEBUG -DSLIC3R_CURRENTLY_COMPILING_GUI_MODULE -DSLIC3R_DESKTOP_INTEGRATION -DSLIC3R_GUI -DTBB_USE_CAPTURED_EXCEPTION=0 -DUNICODE -DUSE_TBB -DWXINTL_NO_GETTEXT_MACRO -D_FILE_OFFSET_BITS=64 -D_HAS_AUTO_PTR_ETC=0 -D_UNICODE -D__WXOSX_IPHONE__ -DwxDEBUG_LEVEL=0 -DwxNO_UNSAFE_WXSTRING_CONV -DwxUSE_UNICODE -I/Users/runner/work/Orca-iOS-ipa/Orca-iOS-ipa/orca/src/slic3r/Utils -I/Users/runner/work/Orca-iOS-ipa/Orca-iOS-ipa/orca/build/src/slic3r -I/Users/runner/work/Orca-iOS-ipa/Orca-iOS-ipa/orca/build/src/libslic3r -I/Users/runner/work/Orca-iOS-ipa/Orca-iOS-ipa/orca/src/libvgcode/glad/include -I/Users/runner/work/Orca-iOS-ipa/Orca-iOS-ipa/orca/src/glad/include-es -I/Users/runner/work/Orca-iOS-ipa/Orca-iOS-ipa/orca/src/glad/../libvgcode/glad/include -isystem /Users/runner/work/Orca-iOS-ipa/Orca-iOS-ipa/orca/src -isystem /Users/runner/work/Orca-iOS-ipa/Orca-iOS-ipa/orca/build/src/dev-utils/platform -isystem /Users/runner/work/Orca-iOS-ipa/Orca-iOS-ipa/orca/src/libigl -isystem /Users/runner/work/Orca-iOS-ipa/Orca-iOS-ipa/ios-prefix/usr/local/include/opencascade -isystem /Users/runner/work/Orca-iOS-ipa/Orca-iOS-ipa/ios-prefix/usr/local/include/eigen3 -isystem /Users/runner/work/Orca-iOS-ipa/Orca-iOS-ipa/orca/deps_src/admesh -isystem /Users/runner/work/Orca-iOS-ipa/Orca-iOS-ipa/orca/deps_src/admesh/.. -isystem /Users/runner/work/Orca-iOS-ipa/Orca-iOS-ipa/orca/deps_src/libigl -isystem /Users/runner/work/Orca-iOS-ipa/Orca-iOS-ipa/orca/deps_src/libnest2d/include -isystem /Users/runner/work/Orca-iOS-ipa/Orca-iOS-ipa/ios-prefix/usr/local/include -isystem /Users/runner/work/Orca-iOS-ipa/Orca-iOS-ipa/orca/deps_src/miniz -isystem /Users/runner/work/Orca-iOS-ipa/Orca-iOS-ipa/ios-prefix/usr/local/include/opencv4 -isystem /Users/runner/work/Orca-iOS-ipa/Orca-iOS-ipa/orca/deps_src/imgui -isystem /Users/runner/work/Orca-iOS-ipa/Orca-iOS-ipa/orca/deps_src/imguizmo -isystem /Users/runner/work/Orca-iOS-ipa/Orca-iOS-ipa/orca/deps_src/minilzo -isystem /Users/runner/work/Orca-iOS-ipa/Orca-iOS-ipa/orca/deps_src/hidapi/include -isystem /Users/runner/work/Orca-iOS-ipa/Orca-iOS-ipa/orca/deps_src/mdns -isystem /Users/runner/work/Orca-iOS-ipa/Orca-iOS-ipa/wx-prefix/lib/wx/include/osx_iphone-unicode-static-3.3 -isystem /Users/runner/work/Orca-iOS-ipa/Orca-iOS-ipa/wx-prefix/include/wx-3.3 -Wall -Wno-reorder -Werror=partial-availability -Werror=unguarded-availability -Werror=unguarded-availability-new -O3 -DNDEBUG -std=gnu++17 -arch arm64 -isysroot /Applications/Xcode_16.4.app/Contents/Developer/Platforms/iPhoneSimulator.platform/Developer/SDKs/iPhoneSimulator18.5.sdk -mios-simulator-version-min=17.0 -fPIC -fsigned-char -Werror=return-type -Wno-unused-function -Wno-unused-variable -Wno-unused-but-set-variable -Wno-unused-label -Wno-unused-local-typedefs -Wno-sign-compare -Wno-misleading-indentation -Wno-switch -Wno-ignored-attributes -Wno-deprecated-declarations -Wno-error=enum-constexpr-conversion -Winvalid-pch -Xclang -include-pch -Xclang /Users/runner/work/Orca-iOS-ipa/Orca-iOS-ipa/orca/build/src/slic3r/CMakeFiles/libslic3r_gui.dir/cmake_pch.hxx.pch -Xclang -include -Xclang /Users/runner/work/Orca-iOS-ipa/Orca-iOS-ipa/orca/build/src/slic3r/CMakeFiles/libslic3r_gui.dir/cmake_pch.hxx -MD -MT src/slic3r/CMakeFiles/libslic3r_gui.dir/GUI/Gizmos/GLGizmoMove.cpp.o -MF src/slic3r/CMakeFiles/libslic3r_gui.dir/GUI/Gizmos/GLGizmoMove.cpp.o.d -o src/slic3r/CMakeFiles/libslic3r_gui.dir/GUI/Gizmos/GLGizmoMove.cpp.o -c /Users/runner/work/Orca-iOS-ipa/Orca-iOS-ipa/orca/src/slic3r/GUI/Gizmos/GLGizmoMove.cpp
7065-In file included from /Users/runner/work/Orca-iOS-ipa/Orca-iOS-ipa/orca/src/slic3r/GUI/Gizmos/GLGizmoMove.cpp:1:
7066-/Users/runner/work/Orca-iOS-ipa/Orca-iOS-ipa/orca/src/slic3r/GUI/Gizmos/GLGizmoMove.hpp:70:18: warning: 'on_render_input_window' overrides a member function but is not marked 'override' [-Winconsistent-missing-override]
7067-   70 |     virtual void on_render_input_window(float x, float y, float bottom_limit);
7068-      |                  ^
7069-/Users/runner/work/Orca-iOS-ipa/Orca-iOS-ipa/orca/src/slic3r/GUI/Gizmos/GLGizmoBase.hpp:250:18: note: overridden virtual function is here
7070-  250 |     virtual void on_render_input_window(float x, float y, float bottom_limit) {}
7071-      |                  ^
7072:/Users/runner/work/Orca-iOS-ipa/Orca-iOS-ipa/orca/src/slic3r/GUI/Gizmos/GLGizmoMove.cpp:194:17: error: use of undeclared identifier 'glLineStipple'
7073-  194 |                 glLineStipple(1, 0x0FFF);
7074-      |                 ^
7075:/Users/runner/work/Orca-iOS-ipa/Orca-iOS-ipa/orca/src/slic3r/GUI/Gizmos/GLGizmoMove.cpp:195:26: error: use of undeclared identifier 'GL_LINE_STIPPLE'
7076-  195 |                 glEnable(GL_LINE_STIPPLE);
7077-      |                          ^
7078:/Users/runner/work/Orca-iOS-ipa/Orca-iOS-ipa/orca/src/slic3r/GUI/Gizmos/GLGizmoMove.cpp:201:27: error: use of undeclared identifier 'GL_LINE_STIPPLE'
7079-  201 |                 glDisable(GL_LINE_STIPPLE);
7080-      |                           ^
7081-1 warning and 3 errors generated.
7082-[370/651] Building CXX object src/slic3r/CMakeFiles/libslic3r_gui.dir/GUI/Gizmos/GLGizmoMmuSegmentation.cpp.o
7083-[371/651] Building CXX object src/slic3r/CMakeFiles/libslic3r_gui.dir/GUI/Gizmos/GLGizmoMeasure.cpp.o
7084-[372/651] Building CXX object src/slic3r/CMakeFiles/libslic3r_gui.dir/GUI/Gizmos/GLGizmoPainterBase.cpp.o
7085:FAILED: [code=1] src/slic3r/CMakeFiles/libslic3r_gui.dir/GUI/Gizmos/GLGizmoPainterBase.cpp.o 
7086-ccache /usr/bin/c++ -DBBL_RELEASE_TO_PUBLIC=1 -DBOOST_NO_CXX98_FUNCTION_BASE -DGIT_COMMIT_HASH=\"395e070a0e\" -DLIBNEST2D_GEOMETRIES_libslic3r -DLIBNEST2D_OPTIMIZER_nlopt -DLIBNEST2D_STATIC -DLIBNEST2D_THREADING_tbb -DNDEBUG -DSLIC3R_CURRENTLY_COMPILING_GUI_MODULE -DSLIC3R_DESKTOP_INTEGRATION -DSLIC3R_GUI -DTBB_USE_CAPTURED_EXCEPTION=0 -DUNICODE -DUSE_TBB -DWXINTL_NO_GETTEXT_MACRO -D_FILE_OFFSET_BITS=64 -D_HAS_AUTO_PTR_ETC=0 -D_UNICODE -D__WXOSX_IPHONE__ -DwxDEBUG_LEVEL=0 -DwxNO_UNSAFE_WXSTRING_CONV -DwxUSE_UNICODE -I/Users/runner/work/Orca-iOS-ipa/Orca-iOS-ipa/orca/src/slic3r/Utils -I/Users/runner/work/Orca-iOS-ipa/Orca-iOS-ipa/orca/build/src/slic3r -I/Users/runner/work/Orca-iOS-ipa/Orca-iOS-ipa/orca/build/src/libslic3r -I/Users/runner/work/Orca-iOS-ipa/Orca-iOS-ipa/orca/src/libvgcode/glad/include -I/Users/runner/work/Orca-iOS-ipa/Orca-iOS-ipa/orca/src/glad/include-es -I/Users/runner/work/Orca-iOS-ipa/Orca-iOS-ipa/orca/src/glad/../libvgcode/glad/include -isystem /Users/runner/work/Orca-iOS-ipa/Orca-iOS-ipa/orca/src -isystem /Users/runner/work/Orca-iOS-ipa/Orca-iOS-ipa/orca/build/src/dev-utils/platform -isystem /Users/runner/work/Orca-iOS-ipa/Orca-iOS-ipa/orca/src/libigl -isystem /Users/runner/work/Orca-iOS-ipa/Orca-iOS-ipa/ios-prefix/usr/local/include/opencascade -isystem /Users/runner/work/Orca-iOS-ipa/Orca-iOS-ipa/ios-prefix/usr/local/include/eigen3 -isystem /Users/runner/work/Orca-iOS-ipa/Orca-iOS-ipa/orca/deps_src/admesh -isystem /Users/runner/work/Orca-iOS-ipa/Orca-iOS-ipa/orca/deps_src/admesh/.. -isystem /Users/runner/work/Orca-iOS-ipa/Orca-iOS-ipa/orca/deps_src/libigl -isystem /Users/runner/work/Orca-iOS-ipa/Orca-iOS-ipa/orca/deps_src/libnest2d/include -isystem /Users/runner/work/Orca-iOS-ipa/Orca-iOS-ipa/ios-prefix/usr/local/include -isystem /Users/runner/work/Orca-iOS-ipa/Orca-iOS-ipa/orca/deps_src/miniz -isystem /Users/runner/work/Orca-iOS-ipa/Orca-iOS-ipa/ios-prefix/usr/local/include/opencv4 -isystem /Users/runner/work/Orca-iOS-ipa/Orca-iOS-ipa/orca/deps_src/imgui -isystem /Users/runner/work/Orca-iOS-ipa/Orca-iOS-ipa/orca/deps_src/imguizmo -isystem /Users/runner/work/Orca-iOS-ipa/Orca-iOS-ipa/orca/deps_src/minilzo -isystem /Users/runner/work/Orca-iOS-ipa/Orca-iOS-ipa/orca/deps_src/hidapi/include -isystem /Users/runner/work/Orca-iOS-ipa/Orca-iOS-ipa/orca/deps_src/mdns -isystem /Users/runner/work/Orca-iOS-ipa/Orca-iOS-ipa/wx-prefix/lib/wx/include/osx_iphone-unicode-static-3.3 -isystem /Users/runner/work/Orca-iOS-ipa/Orca-iOS-ipa/wx-prefix/include/wx-3.3 -Wall -Wno-reorder -Werror=partial-availability -Werror=unguarded-availability -Werror=unguarded-availability-new -O3 -DNDEBUG -std=gnu++17 -arch arm64 -isysroot /Applications/Xcode_16.4.app/Contents/Developer/Platforms/iPhoneSimulator.platform/Developer/SDKs/iPhoneSimulator18.5.sdk -mios-simulator-version-min=17.0 -fPIC -fsigned-char -Werror=return-type -Wno-unused-function -Wno-unused-variable -Wno-unused-but-set-variable -Wno-unused-label -Wno-unused-local-typedefs -Wno-sign-compare -Wno-misleading-indentation -Wno-switch -Wno-ignored-attributes -Wno-deprecated-declarations -Wno-error=enum-constexpr-conversion -Winvalid-pch -Xclang -include-pch -Xclang /Users/runner/work/Orca-iOS-ipa/Orca-iOS-ipa/orca/build/src/slic3r/CMakeFiles/libslic3r_gui.dir/cmake_pch.hxx.pch -Xclang -include -Xclang /Users/runner/work/Orca-iOS-ipa/Orca-iOS-ipa/orca/build/src/slic3r/CMakeFiles/libslic3r_gui.dir/cmake_pch.hxx -MD -MT src/slic3r/CMakeFiles/libslic3r_gui.dir/GUI/Gizmos/GLGizmoPainterBase.cpp.o -MF src/slic3r/CMakeFiles/libslic3r_gui.dir/GUI/Gizmos/GLGizmoPainterBase.cpp.o.d -o src/slic3r/CMakeFiles/libslic3r_gui.dir/GUI/Gizmos/GLGizmoPainterBase.cpp.o -c /Users/runner/work/Orca-iOS-ipa/Orca-iOS-ipa/orca/src/slic3r/GUI/Gizmos/GLGizmoPainterBase.cpp
7087:/Users/runner/work/Orca-iOS-ipa/Orca-iOS-ipa/orca/src/slic3r/GUI/Gizmos/GLGizmoPainterBase.cpp:196:18: error: no type named 'glPushAttrib' in the global namespace
7088-  196 |         glsafe(::glPushAttrib(GL_ENABLE_BIT));
7089-      |                ~~^
7090-/Users/runner/work/Orca-iOS-ipa/Orca-iOS-ipa/orca/src/slic3r/GUI/3DScene.hpp:33:25: note: expanded from macro 'glsafe'
7091-   33 |     #define glsafe(cmd) cmd
7092-      |                         ^~~
7093:/Users/runner/work/Orca-iOS-ipa/Orca-iOS-ipa/orca/src/slic3r/GUI/Gizmos/GLGizmoPainterBase.cpp:197:18: error: no member named 'glLineStipple' in the global namespace
7094-  197 |         glsafe(::glLineStipple(4, 0xAAAA));
7095-      |                ~~^
7096-/Users/runner/work/Orca-iOS-ipa/Orca-iOS-ipa/orca/src/slic3r/GUI/3DScene.hpp:33:25: note: expanded from macro 'glsafe'
7097-   33 |     #define glsafe(cmd) cmd
7098-      |                         ^~~
7099:/Users/runner/work/Orca-iOS-ipa/Orca-iOS-ipa/orca/src/slic3r/GUI/Gizmos/GLGizmoPainterBase.cpp:198:27: error: use of undeclared identifier 'GL_LINE_STIPPLE'
7100-  198 |         glsafe(::glEnable(GL_LINE_STIPPLE));
7101-      |                           ^
7102:/Users/runner/work/Orca-iOS-ipa/Orca-iOS-ipa/orca/src/slic3r/GUI/Gizmos/GLGizmoPainterBase.cpp:300:18: error: no member named 'glPopAttrib' in the global namespace
7103-  300 |         glsafe(::glPopAttrib());
7104-      |                ~~^
7105-/Users/runner/work/Orca-iOS-ipa/Orca-iOS-ipa/orca/src/slic3r/GUI/3DScene.hpp:33:25: note: expanded from macro 'glsafe'
7106-   33 |     #define glsafe(cmd) cmd
7107-      |                         ^~~
7108-/Users/runner/work/Orca-iOS-ipa/Orca-iOS-ipa/orca/src/slic3r/GUI/Gizmos/GLGizmoPainterBase.cpp:1459:32: warning: lambda capture 'this' is not used [-Wunused-lambda-capture]
7109- 1459 |     auto calc_fragment_area = [this](const TrianglePatch& patch, float max_limit_area, int stride) {
7110-      |                                ^~~~
7111-1 warning and 4 errors generated.
7112-[373/651] Building CXX object src/slic3r/CMakeFiles/libslic3r_gui.dir/GUI/Gizmos/GLGizmoRotate.cpp.o
7113-[374/651] Building CXX object src/slic3r/CMakeFiles/libslic3r_gui.dir/GUI/Gizmos/GLGizmoScale.cpp.o
7114:FAILED: [code=1] src/slic3r/CMakeFiles/libslic3r_gui.dir/GUI/Gizmos/GLGizmoScale.cpp.o 
7115-ccache /usr/bin/c++ -DBBL_RELEASE_TO_PUBLIC=1 -DBOOST_NO_CXX98_FUNCTION_BASE -DGIT_COMMIT_HASH=\"395e070a0e\" -DLIBNEST2D_GEOMETRIES_libslic3r -DLIBNEST2D_OPTIMIZER_nlopt -DLIBNEST2D_STATIC -DLIBNEST2D_THREADING_tbb -DNDEBUG -DSLIC3R_CURRENTLY_COMPILING_GUI_MODULE -DSLIC3R_DESKTOP_INTEGRATION -DSLIC3R_GUI -DTBB_USE_CAPTURED_EXCEPTION=0 -DUNICODE -DUSE_TBB -DWXINTL_NO_GETTEXT_MACRO -D_FILE_OFFSET_BITS=64 -D_HAS_AUTO_PTR_ETC=0 -D_UNICODE -D__WXOSX_IPHONE__ -DwxDEBUG_LEVEL=0 -DwxNO_UNSAFE_WXSTRING_CONV -DwxUSE_UNICODE -I/Users/runner/work/Orca-iOS-ipa/Orca-iOS-ipa/orca/src/slic3r/Utils -I/Users/runner/work/Orca-iOS-ipa/Orca-iOS-ipa/orca/build/src/slic3r -I/Users/runner/work/Orca-iOS-ipa/Orca-iOS-ipa/orca/build/src/libslic3r -I/Users/runner/work/Orca-iOS-ipa/Orca-iOS-ipa/orca/src/libvgcode/glad/include -I/Users/runner/work/Orca-iOS-ipa/Orca-iOS-ipa/orca/src/glad/include-es -I/Users/runner/work/Orca-iOS-ipa/Orca-iOS-ipa/orca/src/glad/../libvgcode/glad/include -isystem /Users/runner/work/Orca-iOS-ipa/Orca-iOS-ipa/orca/src -isystem /Users/runner/work/Orca-iOS-ipa/Orca-iOS-ipa/orca/build/src/dev-utils/platform -isystem /Users/runner/work/Orca-iOS-ipa/Orca-iOS-ipa/orca/src/libigl -isystem /Users/runner/work/Orca-iOS-ipa/Orca-iOS-ipa/ios-prefix/usr/local/include/opencascade -isystem /Users/runner/work/Orca-iOS-ipa/Orca-iOS-ipa/ios-prefix/usr/local/include/eigen3 -isystem /Users/runner/work/Orca-iOS-ipa/Orca-iOS-ipa/orca/deps_src/admesh -isystem /Users/runner/work/Orca-iOS-ipa/Orca-iOS-ipa/orca/deps_src/admesh/.. -isystem /Users/runner/work/Orca-iOS-ipa/Orca-iOS-ipa/orca/deps_src/libigl -isystem /Users/runner/work/Orca-iOS-ipa/Orca-iOS-ipa/orca/deps_src/libnest2d/include -isystem /Users/runner/work/Orca-iOS-ipa/Orca-iOS-ipa/ios-prefix/usr/local/include -isystem /Users/runner/work/Orca-iOS-ipa/Orca-iOS-ipa/orca/deps_src/miniz -isystem /Users/runner/work/Orca-iOS-ipa/Orca-iOS-ipa/ios-prefix/usr/local/include/opencv4 -isystem /Users/runner/work/Orca-iOS-ipa/Orca-iOS-ipa/orca/deps_src/imgui -isystem /Users/runner/work/Orca-iOS-ipa/Orca-iOS-ipa/orca/deps_src/imguizmo -isystem /Users/runner/work/Orca-iOS-ipa/Orca-iOS-ipa/orca/deps_src/minilzo -isystem /Users/runner/work/Orca-iOS-ipa/Orca-iOS-ipa/orca/deps_src/hidapi/include -isystem /Users/runner/work/Orca-iOS-ipa/Orca-iOS-ipa/orca/deps_src/mdns -isystem /Users/runner/work/Orca-iOS-ipa/Orca-iOS-ipa/wx-prefix/lib/wx/include/osx_iphone-unicode-static-3.3 -isystem /Users/runner/work/Orca-iOS-ipa/Orca-iOS-ipa/wx-prefix/include/wx-3.3 -Wall -Wno-reorder -Werror=partial-availability -Werror=unguarded-availability -Werror=unguarded-availability-new -O3 -DNDEBUG -std=gnu++17 -arch arm64 -isysroot /Applications/Xcode_16.4.app/Contents/Developer/Platforms/iPhoneSimulator.platform/Developer/SDKs/iPhoneSimulator18.5.sdk -mios-simulator-version-min=17.0 -fPIC -fsigned-char -Werror=return-type -Wno-unused-function -Wno-unused-variable -Wno-unused-but-set-variable -Wno-unused-label -Wno-unused-local-typedefs -Wno-sign-compare -Wno-misleading-indentation -Wno-switch -Wno-ignored-attributes -Wno-deprecated-declarations -Wno-error=enum-constexpr-conversion -Winvalid-pch -Xclang -include-pch -Xclang /Users/runner/work/Orca-iOS-ipa/Orca-iOS-ipa/orca/build/src/slic3r/CMakeFiles/libslic3r_gui.dir/cmake_pch.hxx.pch -Xclang -include -Xclang /Users/runner/work/Orca-iOS-ipa/Orca-iOS-ipa/orca/build/src/slic3r/CMakeFiles/libslic3r_gui.dir/cmake_pch.hxx -MD -MT src/slic3r/CMakeFiles/libslic3r_gui.dir/GUI/Gizmos/GLGizmoScale.cpp.o -MF src/slic3r/CMakeFiles/libslic3r_gui.dir/GUI/Gizmos/GLGizmoScale.cpp.o.d -o src/slic3r/CMakeFiles/libslic3r_gui.dir/GUI/Gizmos/GLGizmoScale.cpp.o -c /Users/runner/work/Orca-iOS-ipa/Orca-iOS-ipa/orca/src/slic3r/GUI/Gizmos/GLGizmoScale.cpp
7116-In file included from /Users/runner/work/Orca-iOS-ipa/Orca-iOS-ipa/orca/src/slic3r/GUI/Gizmos/GLGizmoScale.cpp:1:
7117-/Users/runner/work/Orca-iOS-ipa/Orca-iOS-ipa/orca/src/slic3r/GUI/Gizmos/GLGizmoScale.hpp:92:18: warning: 'on_render_input_window' overrides a member function but is not marked 'override' [-Winconsistent-missing-override]
7118-   92 |     virtual void on_render_input_window(float x, float y, float bottom_limit);
7119-      |                  ^
7120-/Users/runner/work/Orca-iOS-ipa/Orca-iOS-ipa/orca/src/slic3r/GUI/Gizmos/GLGizmoBase.hpp:250:18: note: overridden virtual function is here
7121-  250 |     virtual void on_render_input_window(float x, float y, float bottom_limit) {}
7122-      |                  ^
7123:/Users/runner/work/Orca-iOS-ipa/Orca-iOS-ipa/orca/src/slic3r/GUI/Gizmos/GLGizmoScale.cpp:396:9: error: use of undeclared identifier 'glLineStipple'
7124-  396 |         glLineStipple(1, 0x0FFF);
7125-      |         ^
7126:/Users/runner/work/Orca-iOS-ipa/Orca-iOS-ipa/orca/src/slic3r/GUI/Gizmos/GLGizmoScale.cpp:397:18: error: use of undeclared identifier 'GL_LINE_STIPPLE'
7127-  397 |         glEnable(GL_LINE_STIPPLE);
7128-      |                  ^
7129:/Users/runner/work/Orca-iOS-ipa/Orca-iOS-ipa/orca/src/slic3r/GUI/Gizmos/GLGizmoScale.cpp:403:19: error: use of undeclared identifier 'GL_LINE_STIPPLE'
7130-  403 |         glDisable(GL_LINE_STIPPLE);
7131-      |                   ^
7132-1 warning and 3 errors generated.
7133-[375/651] Building CXX object src/slic3r/CMakeFiles/libslic3r_gui.dir/GUI/Gizmos/GLGizmosCommon.cpp.o
7134:FAILED: [code=1] src/slic3r/CMakeFiles/libslic3r_gui.dir/GUI/Gizmos/GLGizmosCommon.cpp.o 
7135-ccache /usr/bin/c++ -DBBL_RELEASE_TO_PUBLIC=1 -DBOOST_NO_CXX98_FUNCTION_BASE -DGIT_COMMIT_HASH=\"395e070a0e\" -DLIBNEST2D_GEOMETRIES_libslic3r -DLIBNEST2D_OPTIMIZER_nlopt -DLIBNEST2D_STATIC -DLIBNEST2D_THREADING_tbb -DNDEBUG -DSLIC3R_CURRENTLY_COMPILING_GUI_MODULE -DSLIC3R_DESKTOP_INTEGRATION -DSLIC3R_GUI -DTBB_USE_CAPTURED_EXCEPTION=0 -DUNICODE -DUSE_TBB -DWXINTL_NO_GETTEXT_MACRO -D_FILE_OFFSET_BITS=64 -D_HAS_AUTO_PTR_ETC=0 -D_UNICODE -D__WXOSX_IPHONE__ -DwxDEBUG_LEVEL=0 -DwxNO_UNSAFE_WXSTRING_CONV -DwxUSE_UNICODE -I/Users/runner/work/Orca-iOS-ipa/Orca-iOS-ipa/orca/src/slic3r/Utils -I/Users/runner/work/Orca-iOS-ipa/Orca-iOS-ipa/orca/build/src/slic3r -I/Users/runner/work/Orca-iOS-ipa/Orca-iOS-ipa/orca/build/src/libslic3r -I/Users/runner/work/Orca-iOS-ipa/Orca-iOS-ipa/orca/src/libvgcode/glad/include -I/Users/runner/work/Orca-iOS-ipa/Orca-iOS-ipa/orca/src/glad/include-es -I/Users/runner/work/Orca-iOS-ipa/Orca-iOS-ipa/orca/src/glad/../libvgcode/glad/include -isystem /Users/runner/work/Orca-iOS-ipa/Orca-iOS-ipa/orca/src -isystem /Users/runner/work/Orca-iOS-ipa/Orca-iOS-ipa/orca/build/src/dev-utils/platform -isystem /Users/runner/work/Orca-iOS-ipa/Orca-iOS-ipa/orca/src/libigl -isystem /Users/runner/work/Orca-iOS-ipa/Orca-iOS-ipa/ios-prefix/usr/local/include/opencascade -isystem /Users/runner/work/Orca-iOS-ipa/Orca-iOS-ipa/ios-prefix/usr/local/include/eigen3 -isystem /Users/runner/work/Orca-iOS-ipa/Orca-iOS-ipa/orca/deps_src/admesh -isystem /Users/runner/work/Orca-iOS-ipa/Orca-iOS-ipa/orca/deps_src/admesh/.. -isystem /Users/runner/work/Orca-iOS-ipa/Orca-iOS-ipa/orca/deps_src/libigl -isystem /Users/runner/work/Orca-iOS-ipa/Orca-iOS-ipa/orca/deps_src/libnest2d/include -isystem /Users/runner/work/Orca-iOS-ipa/Orca-iOS-ipa/ios-prefix/usr/local/include -isystem /Users/runner/work/Orca-iOS-ipa/Orca-iOS-ipa/orca/deps_src/miniz -isystem /Users/runner/work/Orca-iOS-ipa/Orca-iOS-ipa/ios-prefix/usr/local/include/opencv4 -isystem /Users/runner/work/Orca-iOS-ipa/Orca-iOS-ipa/orca/deps_src/imgui -isystem /Users/runner/work/Orca-iOS-ipa/Orca-iOS-ipa/orca/deps_src/imguizmo -isystem /Users/runner/work/Orca-iOS-ipa/Orca-iOS-ipa/orca/deps_src/minilzo -isystem /Users/runner/work/Orca-iOS-ipa/Orca-iOS-ipa/orca/deps_src/hidapi/include -isystem /Users/runner/work/Orca-iOS-ipa/Orca-iOS-ipa/orca/deps_src/mdns -isystem /Users/runner/work/Orca-iOS-ipa/Orca-iOS-ipa/wx-prefix/lib/wx/include/osx_iphone-unicode-static-3.3 -isystem /Users/runner/work/Orca-iOS-ipa/Orca-iOS-ipa/wx-prefix/include/wx-3.3 -Wall -Wno-reorder -Werror=partial-availability -Werror=unguarded-availability -Werror=unguarded-availability-new -O3 -DNDEBUG -std=gnu++17 -arch arm64 -isysroot /Applications/Xcode_16.4.app/Contents/Developer/Platforms/iPhoneSimulator.platform/Developer/SDKs/iPhoneSimulator18.5.sdk -mios-simulator-version-min=17.0 -fPIC -fsigned-char -Werror=return-type -Wno-unused-function -Wno-unused-variable -Wno-unused-but-set-variable -Wno-unused-label -Wno-unused-local-typedefs -Wno-sign-compare -Wno-misleading-indentation -Wno-switch -Wno-ignored-attributes -Wno-deprecated-declarations -Wno-error=enum-constexpr-conversion -Winvalid-pch -Xclang -include-pch -Xclang /Users/runner/work/Orca-iOS-ipa/Orca-iOS-ipa/orca/build/src/slic3r/CMakeFiles/libslic3r_gui.dir/cmake_pch.hxx.pch -Xclang -include -Xclang /Users/runner/work/Orca-iOS-ipa/Orca-iOS-ipa/orca/build/src/slic3r/CMakeFiles/libslic3r_gui.dir/cmake_pch.hxx -MD -MT src/slic3r/CMakeFiles/libslic3r_gui.dir/GUI/Gizmos/GLGizmosCommon.cpp.o -MF src/slic3r/CMakeFiles/libslic3r_gui.dir/GUI/Gizmos/GLGizmosCommon.cpp.o.d -o src/slic3r/CMakeFiles/libslic3r_gui.dir/GUI/Gizmos/GLGizmosCommon.cpp.o -c /Users/runner/work/Orca-iOS-ipa/Orca-iOS-ipa/orca/src/slic3r/GUI/Gizmos/GLGizmosCommon.cpp
7136:/Users/runner/work/Orca-iOS-ipa/Orca-iOS-ipa/orca/src/slic3r/GUI/Gizmos/GLGizmosCommon.cpp:206:18: error: no member named 'glPushAttrib' in the global namespace
7137-  206 |         glsafe(::glPushAttrib(GL_DEPTH_TEST));
7138-      |                ~~^
7139-/Users/runner/work/Orca-iOS-ipa/Orca-iOS-ipa/orca/src/slic3r/GUI/3DScene.hpp:33:25: note: expanded from macro 'glsafe'
7140-   33 |     #define glsafe(cmd) cmd
7141-      |                         ^~~
7142:/Users/runner/work/Orca-iOS-ipa/Orca-iOS-ipa/orca/src/slic3r/GUI/Gizmos/GLGizmosCommon.cpp:209:18: error: no member named 'glPopAttrib' in the global namespace
7143-  209 |         glsafe(::glPopAttrib());
7144-      |                ~~^
7145-/Users/runner/work/Orca-iOS-ipa/Orca-iOS-ipa/orca/src/slic3r/GUI/3DScene.hpp:33:25: note: expanded from macro 'glsafe'
7146-   33 |     #define glsafe(cmd) cmd
7147-      |                         ^~~
7148-2 errors generated.
7149-[376/651] Building CXX object src/slic3r/CMakeFiles/libslic3r_gui.dir/GUI/Gizmos/GLGizmoSeam.cpp.o
7150-[377/651] Building CXX object src/slic3r/CMakeFiles/libslic3r_gui.dir/GUI/Gizmos/GLGizmosManager.cpp.o
7151:FAILED: [code=1] src/slic3r/CMakeFiles/libslic3r_gui.dir/GUI/Gizmos/GLGizmosManager.cpp.o 
7152-ccache /usr/bin/c++ -DBBL_RELEASE_TO_PUBLIC=1 -DBOOST_NO_CXX98_FUNCTION_BASE -DGIT_COMMIT_HASH=\"395e070a0e\" -DLIBNEST2D_GEOMETRIES_libslic3r -DLIBNEST2D_OPTIMIZER_nlopt -DLIBNEST2D_STATIC -DLIBNEST2D_THREADING_tbb -DNDEBUG -DSLIC3R_CURRENTLY_COMPILING_GUI_MODULE -DSLIC3R_DESKTOP_INTEGRATION -DSLIC3R_GUI -DTBB_USE_CAPTURED_EXCEPTION=0 -DUNICODE -DUSE_TBB -DWXINTL_NO_GETTEXT_MACRO -D_FILE_OFFSET_BITS=64 -D_HAS_AUTO_PTR_ETC=0 -D_UNICODE -D__WXOSX_IPHONE__ -DwxDEBUG_LEVEL=0 -DwxNO_UNSAFE_WXSTRING_CONV -DwxUSE_UNICODE -I/Users/runner/work/Orca-iOS-ipa/Orca-iOS-ipa/orca/src/slic3r/Utils -I/Users/runner/work/Orca-iOS-ipa/Orca-iOS-ipa/orca/build/src/slic3r -I/Users/runner/work/Orca-iOS-ipa/Orca-iOS-ipa/orca/build/src/libslic3r -I/Users/runner/work/Orca-iOS-ipa/Orca-iOS-ipa/orca/src/libvgcode/glad/include -I/Users/runner/work/Orca-iOS-ipa/Orca-iOS-ipa/orca/src/glad/include-es -I/Users/runner/work/Orca-iOS-ipa/Orca-iOS-ipa/orca/src/glad/../libvgcode/glad/include -isystem /Users/runner/work/Orca-iOS-ipa/Orca-iOS-ipa/orca/src -isystem /Users/runner/work/Orca-iOS-ipa/Orca-iOS-ipa/orca/build/src/dev-utils/platform -isystem /Users/runner/work/Orca-iOS-ipa/Orca-iOS-ipa/orca/src/libigl -isystem /Users/runner/work/Orca-iOS-ipa/Orca-iOS-ipa/ios-prefix/usr/local/include/opencascade -isystem /Users/runner/work/Orca-iOS-ipa/Orca-iOS-ipa/ios-prefix/usr/local/include/eigen3 -isystem /Users/runner/work/Orca-iOS-ipa/Orca-iOS-ipa/orca/deps_src/admesh -isystem /Users/runner/work/Orca-iOS-ipa/Orca-iOS-ipa/orca/deps_src/admesh/.. -isystem /Users/runner/work/Orca-iOS-ipa/Orca-iOS-ipa/orca/deps_src/libigl -isystem /Users/runner/work/Orca-iOS-ipa/Orca-iOS-ipa/orca/deps_src/libnest2d/include -isystem /Users/runner/work/Orca-iOS-ipa/Orca-iOS-ipa/ios-prefix/usr/local/include -isystem /Users/runner/work/Orca-iOS-ipa/Orca-iOS-ipa/orca/deps_src/miniz -isystem /Users/runner/work/Orca-iOS-ipa/Orca-iOS-ipa/ios-prefix/usr/local/include/opencv4 -isystem /Users/runner/work/Orca-iOS-ipa/Orca-iOS-ipa/orca/deps_src/imgui -isystem /Users/runner/work/Orca-iOS-ipa/Orca-iOS-ipa/orca/deps_src/imguizmo -isystem /Users/runner/work/Orca-iOS-ipa/Orca-iOS-ipa/orca/deps_src/minilzo -isystem /Users/runner/work/Orca-iOS-ipa/Orca-iOS-ipa/orca/deps_src/hidapi/include -isystem /Users/runner/work/Orca-iOS-ipa/Orca-iOS-ipa/orca/deps_src/mdns -isystem /Users/runner/work/Orca-iOS-ipa/Orca-iOS-ipa/wx-prefix/lib/wx/include/osx_iphone-unicode-static-3.3 -isystem /Users/runner/work/Orca-iOS-ipa/Orca-iOS-ipa/wx-prefix/include/wx-3.3 -Wall -Wno-reorder -Werror=partial-availability -Werror=unguarded-availability -Werror=unguarded-availability-new -O3 -DNDEBUG -std=gnu++17 -arch arm64 -isysroot /Applications/Xcode_16.4.app/Contents/Developer/Platforms/iPhoneSimulator.platform/Developer/SDKs/iPhoneSimulator18.5.sdk -mios-simulator-version-min=17.0 -fPIC -fsigned-char -Werror=return-type -Wno-unused-function -Wno-unused-variable -Wno-unused-but-set-variable -Wno-unused-label -Wno-unused-local-typedefs -Wno-sign-compare -Wno-misleading-indentation -Wno-switch -Wno-ignored-attributes -Wno-deprecated-declarations -Wno-error=enum-constexpr-conversion -Winvalid-pch -Xclang -include-pch -Xclang /Users/runner/work/Orca-iOS-ipa/Orca-iOS-ipa/orca/build/src/slic3r/CMakeFiles/libslic3r_gui.dir/cmake_pch.hxx.pch -Xclang -include -Xclang /Users/runner/work/Orca-iOS-ipa/Orca-iOS-ipa/orca/build/src/slic3r/CMakeFiles/libslic3r_gui.dir/cmake_pch.hxx -MD -MT src/slic3r/CMakeFiles/libslic3r_gui.dir/GUI/Gizmos/GLGizmosManager.cpp.o -MF src/slic3r/CMakeFiles/libslic3r_gui.dir/GUI/Gizmos/GLGizmosManager.cpp.o.d -o src/slic3r/CMakeFiles/libslic3r_gui.dir/GUI/Gizmos/GLGizmosManager.cpp.o -c /Users/runner/work/Orca-iOS-ipa/Orca-iOS-ipa/orca/src/slic3r/GUI/Gizmos/GLGizmosManager.cpp
7153-In file included from /Users/runner/work/Orca-iOS-ipa/Orca-iOS-ipa/orca/src/slic3r/GUI/Gizmos/GLGizmosManager.cpp:35:
7154-In file included from /Users/runner/work/Orca-iOS-ipa/Orca-iOS-ipa/wx-prefix/include/wx-3.3/wx/glcanvas.h:375:
7155-In file included from /Users/runner/work/Orca-iOS-ipa/Orca-iOS-ipa/wx-prefix/include/wx-3.3/wx/osx/glcanvas.h:18:
7156:/Applications/Xcode_16.4.app/Contents/Developer/Platforms/iPhoneSimulator.platform/Developer/SDKs/iPhoneSimulator18.5.sdk/System/Library/Frameworks/OpenGLES.framework/Headers/ES1/gl.h:639:25: error: redefinition of 'glad_glClearColor' as different kind of symbol
7157-  639 | GL_API void GL_APIENTRY glClearColor (GLclampf red, GLclampf green, GLclampf blue, GLclampf alpha) OPENGLES_DEPRECATED(ios(2.0, 12.0), tvos(9.0, 12.0));
7158-      |                         ^
7159-/Users/runner/work/Orca-iOS-ipa/Orca-iOS-ipa/orca/src/libvgcode/glad/include/glad/gles2.h:1182:22: note: expanded from macro 'glClearColor'
7160- 1182 | #define glClearColor glad_glClearColor
7161-      |                      ^
7162-/Users/runner/work/Orca-iOS-ipa/Orca-iOS-ipa/orca/src/libvgcode/glad/include/glad/gles2.h:1181:35: note: previous definition is here
7163- 1181 | GLAD_API_CALL PFNGLCLEARCOLORPROC glad_glClearColor;
7164-      |                                   ^
7165-In file included from /Users/runner/work/Orca-iOS-ipa/Orca-iOS-ipa/orca/src/slic3r/GUI/Gizmos/GLGizmosManager.cpp:35:
7166-In file included from /Users/runner/work/Orca-iOS-ipa/Orca-iOS-ipa/wx-prefix/include/wx-3.3/wx/glcanvas.h:375:
7167-In file included from /Users/runner/work/Orca-iOS-ipa/Orca-iOS-ipa/wx-prefix/include/wx-3.3/wx/osx/glcanvas.h:18:
7168:/Applications/Xcode_16.4.app/Contents/Developer/Platforms/iPhoneSimulator.platform/Developer/SDKs/iPhoneSimulator18.5.sdk/System/Library/Frameworks/OpenGLES.framework/Headers/ES1/gl.h:640:25: error: redefinition of 'glad_glClearDepthf' as different kind of symbol
7169-  640 | GL_API void GL_APIENTRY glClearDepthf (GLclampf depth) OPENGLES_DEPRECATED(ios(2.0, 12.0), tvos(9.0, 12.0));
7170-      |                         ^
7171-/Users/runner/work/Orca-iOS-ipa/Orca-iOS-ipa/orca/src/libvgcode/glad/include/glad/gles2.h:1184:23: note: expanded from macro 'glClearDepthf'
7172- 1184 | #define glClearDepthf glad_glClearDepthf
7173-      |                       ^
7174-/Users/runner/work/Orca-iOS-ipa/Orca-iOS-ipa/orca/src/libvgcode/glad/include/glad/gles2.h:1183:36: note: previous definition is here
7175- 1183 | GLAD_API_CALL PFNGLCLEARDEPTHFPROC glad_glClearDepthf;
7176-      |                                    ^
7177-In file included from /Users/runner/work/Orca-iOS-ipa/Orca-iOS-ipa/orca/src/slic3r/GUI/Gizmos/GLGizmosManager.cpp:35:
7178-In file included from /Users/runner/work/Orca-iOS-ipa/Orca-iOS-ipa/wx-prefix/include/wx-3.3/wx/glcanvas.h:375:
7179-In file included from /Users/runner/work/Orca-iOS-ipa/Orca-iOS-ipa/wx-prefix/include/wx-3.3/wx/osx/glcanvas.h:18:
7180:/Applications/Xcode_16.4.app/Contents/Developer/Platforms/iPhoneSimulator.platform/Developer/SDKs/iPhoneSimulator18.5.sdk/System/Library/Frameworks/OpenGLES.framework/Headers/ES1/gl.h:643:25: error: redefinition of 'glad_glDepthRangef' as different kind of symbol
7181-  643 | GL_API void GL_APIENTRY glDepthRangef (GLclampf zNear, GLclampf zFar) OPENGLES_DEPRECATED(ios(2.0, 12.0), tvos(9.0, 12.0));
7182-      |                         ^
7183-/Users/runner/work/Orca-iOS-ipa/Orca-iOS-ipa/orca/src/libvgcode/glad/include/glad/gles2.h:1242:23: note: expanded from macro 'glDepthRangef'
7184- 1242 | #define glDepthRangef glad_glDepthRangef
7185-      |                       ^
7186-/Users/runner/work/Orca-iOS-ipa/Orca-iOS-ipa/orca/src/libvgcode/glad/include/glad/gles2.h:1241:36: note: previous definition is here
7187- 1241 | GLAD_API_CALL PFNGLDEPTHRANGEFPROC glad_glDepthRangef;
7188-      |                                    ^
7189-In file included from /Users/runner/work/Orca-iOS-ipa/Orca-iOS-ipa/orca/src/slic3r/GUI/Gizmos/GLGizmosManager.cpp:35:
7190-In file included from /Users/runner/work/Orca-iOS-ipa/Orca-iOS-ipa/wx-prefix/include/wx-3.3/wx/glcanvas.h:375:
7191-In file included from /Users/runner/work/Orca-iOS-ipa/Orca-iOS-ipa/wx-prefix/include/wx-3.3/wx/osx/glcanvas.h:18:
7192:/Applications/Xcode_16.4.app/Contents/Developer/Platforms/iPhoneSimulator.platform/Developer/SDKs/iPhoneSimulator18.5.sdk/System/Library/Frameworks/OpenGLES.framework/Headers/ES1/gl.h:648:25: error: redefinition of 'glad_glGetFloatv' as different kind of symbol
7193-  648 | GL_API void GL_APIENTRY glGetFloatv (GLenum pname, GLfloat *params) OPENGLES_DEPRECATED(ios(2.0, 12.0), tvos(9.0, 12.0));
7194-      |                         ^
7195-/Users/runner/work/Orca-iOS-ipa/Orca-iOS-ipa/orca/src/libvgcode/glad/include/glad/gles2.h:1328:21: note: expanded from macro 'glGetFloatv'
7196- 1328 | #define glGetFloatv glad_glGetFloatv
7197-      |                     ^
7198-/Users/runner/work/Orca-iOS-ipa/Orca-iOS-ipa/orca/src/libvgcode/glad/include/glad/gles2.h:1327:34: note: previous definition is here
7199- 1327 | GLAD_API_CALL PFNGLGETFLOATVPROC glad_glGetFloatv;
7200-      |                                  ^
7201-In file included from /Users/runner/work/Orca-iOS-ipa/Orca-iOS-ipa/orca/src/slic3r/GUI/Gizmos/GLGizmosManager.cpp:35:
7202-In file included from /Users/runner/work/Orca-iOS-ipa/Orca-iOS-ipa/wx-prefix/include/wx-3.3/wx/glcanvas.h:375:
7203-In file included from /Users/runner/work/Orca-iOS-ipa/Orca-iOS-ipa/wx-prefix/include/wx-3.3/wx/osx/glcanvas.h:18:
7204:/Applications/Xcode_16.4.app/Contents/Developer/Platforms/iPhoneSimulator.platform/Developer/SDKs/iPhoneSimulator18.5.sdk/System/Library/Frameworks/OpenGLES.framework/Headers/ES1/gl.h:652:25: error: redefinition of 'glad_glGetTexParameterfv' as different kind of symbol
7205-  652 | GL_API void GL_APIENTRY glGetTexParameterfv (GLenum target, GLenum pname, GLfloat *params) OPENGLES_DEPRECATED(ios(2.0, 12.0), tvos(9.0, 12.0));
7206-      |                         ^
7207-/Users/runner/work/Orca-iOS-ipa/Orca-iOS-ipa/orca/src/libvgcode/glad/include/glad/gles2.h:1374:29: note: expanded from macro 'glGetTexParameterfv'
7208- 1374 | #define glGetTexParameterfv glad_glGetTexParameterfv
7209-      |                             ^
7210-/Users/runner/work/Orca-iOS-ipa/Orca-iOS-ipa/orca/src/libvgcode/glad/include/glad/gles2.h:1373:42: note: previous definition is here
7211- 1373 | GLAD_API_CALL PFNGLGETTEXPARAMETERFVPROC glad_glGetTexParameterfv;
7212-      |                                          ^
7213-In file included from /Users/runner/work/Orca-iOS-ipa/Orca-iOS-ipa/orca/src/slic3r/GUI/Gizmos/GLGizmosManager.cpp:35:
7214-In file included from /Users/runner/work/Orca-iOS-ipa/Orca-iOS-ipa/wx-prefix/include/wx-3.3/wx/glcanvas.h:375:
7215-In file included from /Users/runner/work/Orca-iOS-ipa/Orca-iOS-ipa/wx-prefix/include/wx-3.3/wx/osx/glcanvas.h:18:
7216:/Applications/Xcode_16.4.app/Contents/Developer/Platforms/iPhoneSimulator.platform/Developer/SDKs/iPhoneSimulator18.5.sdk/System/Library/Frameworks/OpenGLES.framework/Headers/ES1/gl.h:657:25: error: redefinition of 'glad_glLineWidth' as different kind of symbol
7217-  657 | GL_API void GL_APIENTRY glLineWidth (GLfloat width) OPENGLES_DEPRECATED(ios(2.0, 12.0), tvos(9.0, 12.0));
7218-      |                         ^
7219-/Users/runner/work/Orca-iOS-ipa/Orca-iOS-ipa/orca/src/libvgcode/glad/include/glad/gles2.h:1432:21: note: expanded from macro 'glLineWidth'
7220- 1432 | #define glLineWidth glad_glLineWidth
7221-      |                     ^
7222-/Users/runner/work/Orca-iOS-ipa/Orca-iOS-ipa/orca/src/libvgcode/glad/include/glad/gles2.h:1431:34: note: previous definition is here
7223- 1431 | GLAD_API_CALL PFNGLLINEWIDTHPROC glad_glLineWidth;
7224-      |                                  ^
7225-In file included from /Users/runner/work/Orca-iOS-ipa/Orca-iOS-ipa/orca/src/slic3r/GUI/Gizmos/GLGizmosManager.cpp:35:
7226-In file included from /Users/runner/work/Orca-iOS-ipa/Orca-iOS-ipa/wx-prefix/include/wx-3.3/wx/glcanvas.h:375:
7227-In file included from /Users/runner/work/Orca-iOS-ipa/Orca-iOS-ipa/wx-prefix/include/wx-3.3/wx/osx/glcanvas.h:18:
7228:/Applications/Xcode_16.4.app/Contents/Developer/Platforms/iPhoneSimulator.platform/Developer/SDKs/iPhoneSimulator18.5.sdk/System/Library/Frameworks/OpenGLES.framework/Headers/ES1/gl.h:668:25: error: redefinition of 'glad_glPolygonOffset' as different kind of symbol
7229-  668 | GL_API void GL_APIENTRY glPolygonOffset (GLfloat factor, GLfloat units) OPENGLES_DEPRECATED(ios(2.0, 12.0), tvos(9.0, 12.0));
7230-      |                         ^
7231-/Users/runner/work/Orca-iOS-ipa/Orca-iOS-ipa/orca/src/libvgcode/glad/include/glad/gles2.h:1442:25: note: expanded from macro 'glPolygonOffset'
7232- 1442 | #define glPolygonOffset glad_glPolygonOffset
7233-      |                         ^
7234-/Users/runner/work/Orca-iOS-ipa/Orca-iOS-ipa/orca/src/libvgcode/glad/include/glad/gles2.h:1441:38: note: previous definition is here
7235- 1441 | GLAD_API_CALL PFNGLPOLYGONOFFSETPROC glad_glPolygonOffset;
7236-      |                                      ^
7237-In file included from /Users/runner/work/Orca-iOS-ipa/Orca-iOS-ipa/orca/src/slic3r/GUI/Gizmos/GLGizmosManager.cpp:35:
7238-In file included from /Users/runner/work/Orca-iOS-ipa/Orca-iOS-ipa/wx-prefix/include/wx-3.3/wx/glcanvas.h:375:
7239-In file included from /Users/runner/work/Orca-iOS-ipa/Orca-iOS-ipa/wx-prefix/include/wx-3.3/wx/osx/glcanvas.h:18:
7240:/Applications/Xcode_16.4.app/Contents/Developer/Platforms/iPhoneSimulator.platform/Developer/SDKs/iPhoneSimulator18.5.sdk/System/Library/Frameworks/OpenGLES.framework/Headers/ES1/gl.h:670:25: error: redefinition of 'glad_glSampleCoverage' as different kind of symbol
7241-  670 | GL_API void GL_APIENTRY glSampleCoverage (GLclampf value, GLboolean invert) OPENGLES_DEPRECATED(ios(2.0, 12.0), tvos(9.0, 12.0));
7242-      |                         ^
7243-/Users/runner/work/Orca-iOS-ipa/Orca-iOS-ipa/orca/src/libvgcode/glad/include/glad/gles2.h:1460:26: note: expanded from macro 'glSampleCoverage'
7244- 1460 | #define glSampleCoverage glad_glSampleCoverage
7245-      |                          ^
7246-/Users/runner/work/Orca-iOS-ipa/Orca-iOS-ipa/orca/src/libvgcode/glad/include/glad/gles2.h:1459:39: note: previous definition is here
7247- 1459 | GLAD_API_CALL PFNGLSAMPLECOVERAGEPROC glad_glSampleCoverage;
7248-      |                                       ^
7249-In file included from /Users/runner/work/Orca-iOS-ipa/Orca-iOS-ipa/orca/src/slic3r/GUI/Gizmos/GLGizmosManager.cpp:35:
7250-In file included from /Users/runner/work/Orca-iOS-ipa/Orca-iOS-ipa/wx-prefix/include/wx-3.3/wx/glcanvas.h:375:
7251-In file included from /Users/runner/work/Orca-iOS-ipa/Orca-iOS-ipa/wx-prefix/include/wx-3.3/wx/osx/glcanvas.h:18:
7252:/Applications/Xcode_16.4.app/Contents/Developer/Platforms/iPhoneSimulator.platform/Developer/SDKs/iPhoneSimulator18.5.sdk/System/Library/Frameworks/OpenGLES.framework/Headers/ES1/gl.h:674:25: error: redefinition of 'glad_glTexParameterf' as different kind of symbol
7253-  674 | GL_API void GL_APIENTRY glTexParameterf (GLenum target, GLenum pname, GLfloat param) OPENGLES_DEPRECATED(ios(2.0, 12.0), tvos(9.0, 12.0));
7254-      |                         ^
7255-/Users/runner/work/Orca-iOS-ipa/Orca-iOS-ipa/orca/src/libvgcode/glad/include/glad/gles2.h:1492:25: note: expanded from macro 'glTexParameterf'
7256- 1492 | #define glTexParameterf glad_glTexParameterf
7257-      |                         ^
7258-/Users/runner/work/Orca-iOS-ipa/Orca-iOS-ipa/orca/src/libvgcode/glad/include/glad/gles2.h:1491:38: note: previous definition is here
7259- 1491 | GLAD_API_CALL PFNGLTEXPARAMETERFPROC glad_glTexParameterf;
7260-      |                                      ^
7261-In file included from /Users/runner/work/Orca-iOS-ipa/Orca-iOS-ipa/orca/src/slic3r/GUI/Gizmos/GLGizmosManager.cpp:35:
7262-In file included from /Users/runner/work/Orca-iOS-ipa/Orca-iOS-ipa/wx-prefix/include/wx-3.3/wx/glcanvas.h:375:
7263-In file included from /Users/runner/work/Orca-iOS-ipa/Orca-iOS-ipa/wx-prefix/include/wx-3.3/wx/osx/glcanvas.h:18:
7264:/Applications/Xcode_16.4.app/Contents/Developer/Platforms/iPhoneSimulator.platform/Developer/SDKs/iPhoneSimulator18.5.sdk/System/Library/Frameworks/OpenGLES.framework/Headers/ES1/gl.h:675:25: error: redefinition of 'glad_glTexParameterfv' as different kind of symbol
7265-  675 | GL_API void GL_APIENTRY glTexParameterfv (GLenum target, GLenum pname, const GLfloat *params) OPENGLES_DEPRECATED(ios(2.0, 12.0), tvos(9.0, 12.0));
7266-      |                         ^
7267-/Users/runner/work/Orca-iOS-ipa/Orca-iOS-ipa/orca/src/libvgcode/glad/include/glad/gles2.h:1494:26: note: expanded from macro 'glTexParameterfv'
7268- 1494 | #define glTexParameterfv glad_glTexParameterfv
7269-      |                          ^
7270-/Users/runner/work/Orca-iOS-ipa/Orca-iOS-ipa/orca/src/libvgcode/glad/include/glad/gles2.h:1493:39: note: previous definition is here
7271- 1493 | GLAD_API_CALL PFNGLTEXPARAMETERFVPROC glad_glTexParameterfv;
7272-      |                                       ^
7273-In file included from /Users/runner/work/Orca-iOS-ipa/Orca-iOS-ipa/orca/src/slic3r/GUI/Gizmos/GLGizmosManager.cpp:35:
7274-In file included from /Users/runner/work/Orca-iOS-ipa/Orca-iOS-ipa/wx-prefix/include/wx-3.3/wx/glcanvas.h:375:
7275-In file included from /Users/runner/work/Orca-iOS-ipa/Orca-iOS-ipa/wx-prefix/include/wx-3.3/wx/osx/glcanvas.h:18:
7276:/Applications/Xcode_16.4.app/Contents/Developer/Platforms/iPhoneSimulator.platform/Developer/SDKs/iPhoneSimulator18.5.sdk/System/Library/Frameworks/OpenGLES.framework/Headers/ES1/gl.h:678:25: error: redefinition of 'glad_glActiveTexture' as different kind of symbol
7277-  678 | GL_API void GL_APIENTRY glActiveTexture (GLenum texture) OPENGLES_DEPRECATED(ios(2.0, 12.0), tvos(9.0, 12.0));
7278-      |                         ^
7279-/Users/runner/work/Orca-iOS-ipa/Orca-iOS-ipa/orca/src/libvgcode/glad/include/glad/gles2.h:1126:25: note: expanded from macro 'glActiveTexture'
7280- 1126 | #define glActiveTexture glad_glActiveTexture
7281-      |                         ^
7282-/Users/runner/work/Orca-iOS-ipa/Orca-iOS-ipa/orca/src/libvgcode/glad/include/glad/gles2.h:1125:38: note: previous definition is here
7283- 1125 | GLAD_API_CALL PFNGLACTIVETEXTUREPROC glad_glActiveTexture;
7284-      |                                      ^
7285-In file included from /Users/runner/work/Orca-iOS-ipa/Orca-iOS-ipa/orca/src/slic3r/GUI/Gizmos/GLGizmosManager.cpp:35:
7286-In file included from /Users/runner/work/Orca-iOS-ipa/Orca-iOS-ipa/wx-prefix/include/wx-3.3/wx/glcanvas.h:375:
7287-In file included from /Users/runner/work/Orca-iOS-ipa/Orca-iOS-ipa/wx-prefix/include/wx-3.3/wx/osx/glcanvas.h:18:
7288:/Applications/Xcode_16.4.app/Contents/Developer/Platforms/iPhoneSimulator.platform/Developer/SDKs/iPhoneSimulator18.5.sdk/System/Library/Frameworks/OpenGLES.framework/Headers/ES1/gl.h:680:25: error: redefinition of 'glad_glBindBuffer' as different kind of symbol
7289-  680 | GL_API void GL_APIENTRY glBindBuffer (GLenum target, GLuint buffer) OPENGLES_DEPRECATED(ios(2.0, 12.0), tvos(9.0, 12.0));
7290-      |                         ^
7291-/Users/runner/work/Orca-iOS-ipa/Orca-iOS-ipa/orca/src/libvgcode/glad/include/glad/gles2.h:1136:22: note: expanded from macro 'glBindBuffer'
7292- 1136 | #define glBindBuffer glad_glBindBuffer
7293-      |                      ^
7294-/Users/runner/work/Orca-iOS-ipa/Orca-iOS-ipa/orca/src/libvgcode/glad/include/glad/gles2.h:1135:35: note: previous definition is here
7295- 1135 | GLAD_API_CALL PFNGLBINDBUFFERPROC glad_glBindBuffer;
7296-      |                                   ^
7297-In file included from /Users/runner/work/Orca-iOS-ipa/Orca-iOS-ipa/orca/src/slic3r/GUI/Gizmos/GLGizmosManager.cpp:35:
7298-In file included from /Users/runner/work/Orca-iOS-ipa/Orca-iOS-ipa/wx-prefix/include/wx-3.3/wx/glcanvas.h:375:
7299-In file included from /Users/runner/work/Orca-iOS-ipa/Orca-iOS-ipa/wx-prefix/include/wx-3.3/wx/osx/glcanvas.h:18:
7300:/Applications/Xcode_16.4.app/Contents/Developer/Platforms/iPhoneSimulator.platform/Developer/SDKs/iPhoneSimulator18.5.sdk/System/Library/Frameworks/OpenGLES.framework/Headers/ES1/gl.h:681:25: error: redefinition of 'glad_glBindTexture' as different kind of symbol
7301-  681 | GL_API void GL_APIENTRY glBindTexture (GLenum target, GLuint texture) OPENGLES_DEPRECATED(ios(2.0, 12.0), tvos(9.0, 12.0));
7302-      |                         ^
7303-/Users/runner/work/Orca-iOS-ipa/Orca-iOS-ipa/orca/src/libvgcode/glad/include/glad/gles2.h:1148:23: note: expanded from macro 'glBindTexture'
7304- 1148 | #define glBindTexture glad_glBindTexture
7305-      |                       ^
7306-/Users/runner/work/Orca-iOS-ipa/Orca-iOS-ipa/orca/src/libvgcode/glad/include/glad/gles2.h:1147:36: note: previous definition is here
7307- 1147 | GLAD_API_CALL PFNGLBINDTEXTUREPROC glad_glBindTexture;
7308-      |                                    ^
7309-In file included from /Users/runner/work/Orca-iOS-ipa/Orca-iOS-ipa/orca/src/slic3r/GUI/Gizmos/GLGizmosManager.cpp:35:
7310-In file included from /Users/runner/work/Orca-iOS-ipa/Orca-iOS-ipa/wx-prefix/include/wx-3.3/wx/glcanvas.h:375:
7311-In file included from /Users/runner/work/Orca-iOS-ipa/Orca-iOS-ipa/wx-prefix/include/wx-3.3/wx/osx/glcanvas.h:18:
7312:/Applications/Xcode_16.4.app/Contents/Developer/Platforms/iPhoneSimulator.platform/Developer/SDKs/iPhoneSimulator18.5.sdk/System/Library/Frameworks/OpenGLES.framework/Headers/ES1/gl.h:682:25: error: redefinition of 'glad_glBlendFunc' as different kind of symbol
7313-  682 | GL_API void GL_APIENTRY glBlendFunc (GLenum sfactor, GLenum dfactor) OPENGLES_DEPRECATED(ios(2.0, 12.0), tvos(9.0, 12.0));
7314-      |                         ^
7315-/Users/runner/work/Orca-iOS-ipa/Orca-iOS-ipa/orca/src/libvgcode/glad/include/glad/gles2.h:1160:21: note: expanded from macro 'glBlendFunc'
7316- 1160 | #define glBlendFunc glad_glBlendFunc
7317-      |                     ^
7318-/Users/runner/work/Orca-iOS-ipa/Orca-iOS-ipa/orca/src/libvgcode/glad/include/glad/gles2.h:1159:34: note: previous definition is here
7319- 1159 | GLAD_API_CALL PFNGLBLENDFUNCPROC glad_glBlendFunc;
7320-      |                                  ^
7321-In file included from /Users/runner/work/Orca-iOS-ipa/Orca-iOS-ipa/orca/src/slic3r/GUI/Gizmos/GLGizmosManager.cpp:35:
7322-In file included from /Users/runner/work/Orca-iOS-ipa/Orca-iOS-ipa/wx-prefix/include/wx-3.3/wx/glcanvas.h:375:
7323-In file included from /Users/runner/work/Orca-iOS-ipa/Orca-iOS-ipa/wx-prefix/include/wx-3.3/wx/osx/glcanvas.h:18:
7324:/Applications/Xcode_16.4.app/Contents/Developer/Platforms/iPhoneSimulator.platform/Developer/SDKs/iPhoneSimulator18.5.sdk/System/Library/Frameworks/OpenGLES.framework/Headers/ES1/gl.h:683:25: error: redefinition of 'glad_glBufferData' as different kind of symbol
7325-  683 | GL_API void GL_APIENTRY glBufferData (GLenum target, GLsizeiptr size, const GLvoid *data, GLenum usage) OPENGLES_DEPRECATED(ios(2.0, 12.0), tvos(9.0, 12.0));
7326-      |                         ^
7327-/Users/runner/work/Orca-iOS-ipa/Orca-iOS-ipa/orca/src/libvgcode/glad/include/glad/gles2.h:1166:22: note: expanded from macro 'glBufferData'
7328- 1166 | #define glBufferData glad_glBufferData
7329-      |                      ^
7330-/Users/runner/work/Orca-iOS-ipa/Orca-iOS-ipa/orca/src/libvgcode/glad/include/glad/gles2.h:1165:35: note: previous definition is here
7331- 1165 | GLAD_API_CALL PFNGLBUFFERDATAPROC glad_glBufferData;
7332-      |                                   ^
7333-In file included from /Users/runner/work/Orca-iOS-ipa/Orca-iOS-ipa/orca/src/slic3r/GUI/Gizmos/GLGizmosManager.cpp:35:
7334-In file included from /Users/runner/work/Orca-iOS-ipa/Orca-iOS-ipa/wx-prefix/include/wx-3.3/wx/glcanvas.h:375:
7335-In file included from /Users/runner/work/Orca-iOS-ipa/Orca-iOS-ipa/wx-prefix/include/wx-3.3/wx/osx/glcanvas.h:18:
7336:/Applications/Xcode_16.4.app/Contents/Developer/Platforms/iPhoneSimulator.platform/Developer/SDKs/iPhoneSimulator18.5.sdk/System/Library/Frameworks/OpenGLES.framework/Headers/ES1/gl.h:684:25: error: redefinition of 'glad_glBufferSubData' as different kind of symbol
7337-  684 | GL_API void GL_APIENTRY glBufferSubData (GLenum target, GLintptr offset, GLsizeiptr size, const GLvoid *data) OPENGLES_DEPRECATED(ios(2.0, 12.0), tvos(9.0, 12.0));
7338-      |                         ^
7339-/Users/runner/work/Orca-iOS-ipa/Orca-iOS-ipa/orca/src/libvgcode/glad/include/glad/gles2.h:1168:25: note: expanded from macro 'glBufferSubData'
7340- 1168 | #define glBufferSubData glad_glBufferSubData
7341-      |                         ^
7342-/Users/runner/work/Orca-iOS-ipa/Orca-iOS-ipa/orca/src/libvgcode/glad/include/glad/gles2.h:1167:38: note: previous definition is here
7343- 1167 | GLAD_API_CALL PFNGLBUFFERSUBDATAPROC glad_glBufferSubData;
7344-      |                                      ^
7345-In file included from /Users/runner/work/Orca-iOS-ipa/Orca-iOS-ipa/orca/src/slic3r/GUI/Gizmos/GLGizmosManager.cpp:35:
7346-In file included from /Users/runner/work/Orca-iOS-ipa/Orca-iOS-ipa/wx-prefix/include/wx-3.3/wx/glcanvas.h:375:
7347-In file included from /Users/runner/work/Orca-iOS-ipa/Orca-iOS-ipa/wx-prefix/include/wx-3.3/wx/osx/glcanvas.h:18:
7348:/Applications/Xcode_16.4.app/Contents/Developer/Platforms/iPhoneSimulator.platform/Developer/SDKs/iPhoneSimulator18.5.sdk/System/Library/Frameworks/OpenGLES.framework/Headers/ES1/gl.h:685:25: error: redefinition of 'glad_glClear' as different kind of symbol
7349-  685 | GL_API void GL_APIENTRY glClear (GLbitfield mask) OPENGLES_DEPRECATED(ios(2.0, 12.0), tvos(9.0, 12.0));
7350-      |                         ^
7351-/Users/runner/work/Orca-iOS-ipa/Orca-iOS-ipa/orca/src/libvgcode/glad/include/glad/gles2.h:1172:17: note: expanded from macro 'glClear'
7352- 1172 | #define glClear glad_glClear
7353-      |                 ^
7354-/Users/runner/work/Orca-iOS-ipa/Orca-iOS-ipa/orca/src/libvgcode/glad/include/glad/gles2.h:1171:30: note: previous definition is here
7355- 1171 | GLAD_API_CALL PFNGLCLEARPROC glad_glClear;
7356-      |                              ^
7357-In file included from /Users/runner/work/Orca-iOS-ipa/Orca-iOS-ipa/orca/src/slic3r/GUI/Gizmos/GLGizmosManager.cpp:35:
7358-In file included from /Users/runner/work/Orca-iOS-ipa/Orca-iOS-ipa/wx-prefix/include/wx-3.3/wx/glcanvas.h:375:
7359-In file included from /Users/runner/work/Orca-iOS-ipa/Orca-iOS-ipa/wx-prefix/include/wx-3.3/wx/osx/glcanvas.h:18:
7360:/Applications/Xcode_16.4.app/Contents/Developer/Platforms/iPhoneSimulator.platform/Developer/SDKs/iPhoneSimulator18.5.sdk/System/Library/Frameworks/OpenGLES.framework/Headers/ES1/gl.h:688:25: error: redefinition of 'glad_glClearStencil' as different kind of symbol
7361-  688 | GL_API void GL_APIENTRY glClearStencil (GLint s) OPENGLES_DEPRECATED(ios(2.0, 12.0), tvos(9.0, 12.0));
7362-      |                         ^
7363-/Users/runner/work/Orca-iOS-ipa/Orca-iOS-ipa/orca/src/libvgcode/glad/include/glad/gles2.h:1186:24: note: expanded from macro 'glClearStencil'
7364- 1186 | #define glClearStencil glad_glClearStencil
7365-      |                        ^
7366-/Users/runner/work/Orca-iOS-ipa/Orca-iOS-ipa/orca/src/libvgcode/glad/include/glad/gles2.h:1185:37: note: previous definition is here
7367- 1185 | GLAD_API_CALL PFNGLCLEARSTENCILPROC glad_glClearStencil;
7368-      |                                     ^
7369-In file included from /Users/runner/work/Orca-iOS-ipa/Orca-iOS-ipa/orca/src/slic3r/GUI/Gizmos/GLGizmosManager.cpp:35:
7370-In file included from /Users/runner/work/Orca-iOS-ipa/Orca-iOS-ipa/wx-prefix/include/wx-3.3/wx/glcanvas.h:375:
7371-In file included from /Users/runner/work/Orca-iOS-ipa/Orca-iOS-ipa/wx-prefix/include/wx-3.3/wx/osx/glcanvas.h:18:
7372:/Applications/Xcode_16.4.app/Contents/Developer/Platforms/iPhoneSimulator.platform/Developer/SDKs/iPhoneSimulator18.5.sdk/System/Library/Frameworks/OpenGLES.framework/Headers/ES1/gl.h:693:25: error: redefinition of 'glad_glColorMask' as different kind of symbol
7373-  693 | GL_API void GL_APIENTRY glColorMask (GLboolean red, GLboolean green, GLboolean blue, GLboolean alpha) OPENGLES_DEPRECATED(ios(2.0, 12.0), tvos(9.0, 12.0));
7374-      |                         ^
7375-/Users/runner/work/Orca-iOS-ipa/Orca-iOS-ipa/orca/src/libvgcode/glad/include/glad/gles2.h:1190:21: note: expanded from macro 'glColorMask'
7376- 1190 | #define glColorMask glad_glColorMask
7377-      |                     ^
7378-/Users/runner/work/Orca-iOS-ipa/Orca-iOS-ipa/orca/src/libvgcode/glad/include/glad/gles2.h:1189:34: note: previous definition is here
7379- 1189 | GLAD_API_CALL PFNGLCOLORMASKPROC glad_glColorMask;
7380-      |                                  ^
7381:fatal error: too many errors emitted, stopping now [-ferror-limit=]
7382-20 errors generated.
7383-[378/651] Building CXX object src/slic3r/CMakeFiles/libslic3r_gui.dir/GUI/Gizmos/GLGizmoSimplify.cpp.o
7384:FAILED: [code=1] src/slic3r/CMakeFiles/libslic3r_gui.dir/GUI/Gizmos/GLGizmoSimplify.cpp.o 
7385-ccache /usr/bin/c++ -DBBL_RELEASE_TO_PUBLIC=1 -DBOOST_NO_CXX98_FUNCTION_BASE -DGIT_COMMIT_HASH=\"395e070a0e\" -DLIBNEST2D_GEOMETRIES_libslic3r -DLIBNEST2D_OPTIMIZER_nlopt -DLIBNEST2D_STATIC -DLIBNEST2D_THREADING_tbb -DNDEBUG -DSLIC3R_CURRENTLY_COMPILING_GUI_MODULE -DSLIC3R_DESKTOP_INTEGRATION -DSLIC3R_GUI -DTBB_USE_CAPTURED_EXCEPTION=0 -DUNICODE -DUSE_TBB -DWXINTL_NO_GETTEXT_MACRO -D_FILE_OFFSET_BITS=64 -D_HAS_AUTO_PTR_ETC=0 -D_UNICODE -D__WXOSX_IPHONE__ -DwxDEBUG_LEVEL=0 -DwxNO_UNSAFE_WXSTRING_CONV -DwxUSE_UNICODE -I/Users/runner/work/Orca-iOS-ipa/Orca-iOS-ipa/orca/src/slic3r/Utils -I/Users/runner/work/Orca-iOS-ipa/Orca-iOS-ipa/orca/build/src/slic3r -I/Users/runner/work/Orca-iOS-ipa/Orca-iOS-ipa/orca/build/src/libslic3r -I/Users/runner/work/Orca-iOS-ipa/Orca-iOS-ipa/orca/src/libvgcode/glad/include -I/Users/runner/work/Orca-iOS-ipa/Orca-iOS-ipa/orca/src/glad/include-es -I/Users/runner/work/Orca-iOS-ipa/Orca-iOS-ipa/orca/src/glad/../libvgcode/glad/include -isystem /Users/runner/work/Orca-iOS-ipa/Orca-iOS-ipa/orca/src -isystem /Users/runner/work/Orca-iOS-ipa/Orca-iOS-ipa/orca/build/src/dev-utils/platform -isystem /Users/runner/work/Orca-iOS-ipa/Orca-iOS-ipa/orca/src/libigl -isystem /Users/runner/work/Orca-iOS-ipa/Orca-iOS-ipa/ios-prefix/usr/local/include/opencascade -isystem /Users/runner/work/Orca-iOS-ipa/Orca-iOS-ipa/ios-prefix/usr/local/include/eigen3 -isystem /Users/runner/work/Orca-iOS-ipa/Orca-iOS-ipa/orca/deps_src/admesh -isystem /Users/runner/work/Orca-iOS-ipa/Orca-iOS-ipa/orca/deps_src/admesh/.. -isystem /Users/runner/work/Orca-iOS-ipa/Orca-iOS-ipa/orca/deps_src/libigl -isystem /Users/runner/work/Orca-iOS-ipa/Orca-iOS-ipa/orca/deps_src/libnest2d/include -isystem /Users/runner/work/Orca-iOS-ipa/Orca-iOS-ipa/ios-prefix/usr/local/include -isystem /Users/runner/work/Orca-iOS-ipa/Orca-iOS-ipa/orca/deps_src/miniz -isystem /Users/runner/work/Orca-iOS-ipa/Orca-iOS-ipa/ios-prefix/usr/local/include/opencv4 -isystem /Users/runner/work/Orca-iOS-ipa/Orca-iOS-ipa/orca/deps_src/imgui -isystem /Users/runner/work/Orca-iOS-ipa/Orca-iOS-ipa/orca/deps_src/imguizmo -isystem /Users/runner/work/Orca-iOS-ipa/Orca-iOS-ipa/orca/deps_src/minilzo -isystem /Users/runner/work/Orca-iOS-ipa/Orca-iOS-ipa/orca/deps_src/hidapi/include -isystem /Users/runner/work/Orca-iOS-ipa/Orca-iOS-ipa/orca/deps_src/mdns -isystem /Users/runner/work/Orca-iOS-ipa/Orca-iOS-ipa/wx-prefix/lib/wx/include/osx_iphone-unicode-static-3.3 -isystem /Users/runner/work/Orca-iOS-ipa/Orca-iOS-ipa/wx-prefix/include/wx-3.3 -Wall -Wno-reorder -Werror=partial-availability -Werror=unguarded-availability -Werror=unguarded-availability-new -O3 -DNDEBUG -std=gnu++17 -arch arm64 -isysroot /Applications/Xcode_16.4.app/Contents/Developer/Platforms/iPhoneSimulator.platform/Developer/SDKs/iPhoneSimulator18.5.sdk -mios-simulator-version-min=17.0 -fPIC -fsigned-char -Werror=return-type -Wno-unused-function -Wno-unused-variable -Wno-unused-but-set-variable -Wno-unused-label -Wno-unused-local-typedefs -Wno-sign-compare -Wno-misleading-indentation -Wno-switch -Wno-ignored-attributes -Wno-deprecated-declarations -Wno-error=enum-constexpr-conversion -Winvalid-pch -Xclang -include-pch -Xclang /Users/runner/work/Orca-iOS-ipa/Orca-iOS-ipa/orca/build/src/slic3r/CMakeFiles/libslic3r_gui.dir/cmake_pch.hxx.pch -Xclang -include -Xclang /Users/runner/work/Orca-iOS-ipa/Orca-iOS-ipa/orca/build/src/slic3r/CMakeFiles/libslic3r_gui.dir/cmake_pch.hxx -MD -MT src/slic3r/CMakeFiles/libslic3r_gui.dir/GUI/Gizmos/GLGizmoSimplify.cpp.o -MF src/slic3r/CMakeFiles/libslic3r_gui.dir/GUI/Gizmos/GLGizmoSimplify.cpp.o.d -o src/slic3r/CMakeFiles/libslic3r_gui.dir/GUI/Gizmos/GLGizmoSimplify.cpp.o -c /Users/runner/work/Orca-iOS-ipa/Orca-iOS-ipa/orca/src/slic3r/GUI/Gizmos/GLGizmoSimplify.cpp
7386-/Users/runner/work/Orca-iOS-ipa/Orca-iOS-ipa/orca/src/slic3r/GUI/Gizmos/GLGizmoSimplify.cpp:351:64: warning: format string is not a string literal (potentially insecure) [-Wformat-security]
7387-  351 |         ImGui::TextColored(ImVec4(0.42f, 0.42f, 0.42f, 1.00f), progress_text.c_str());
7388-      |                                                                ^~~~~~~~~~~~~~~~~~~~~
7389-/Users/runner/work/Orca-iOS-ipa/Orca-iOS-ipa/orca/src/slic3r/GUI/Gizmos/GLGizmoSimplify.cpp:351:64: note: treat the string as an argument to avoid this
7390-  351 |         ImGui::TextColored(ImVec4(0.42f, 0.42f, 0.42f, 1.00f), progress_text.c_str());
7391-      |                                                                ^
7392-      |                                                                "%s", 
7393:/Users/runner/work/Orca-iOS-ipa/Orca-iOS-ipa/orca/src/slic3r/GUI/Gizmos/GLGizmoSimplify.cpp:681:18: error: no member named 'glPolygonMode' in the global namespace
7394-  681 |         glsafe(::glPolygonMode(GL_FRONT_AND_BACK, GL_LINE));
7395-      |                ~~^
7396-/Users/runner/work/Orca-iOS-ipa/Orca-iOS-ipa/orca/src/slic3r/GUI/3DScene.hpp:33:25: note: expanded from macro 'glsafe'
7397-   33 |     #define glsafe(cmd) cmd
7398-      |                         ^~~
7399:/Users/runner/work/Orca-iOS-ipa/Orca-iOS-ipa/orca/src/slic3r/GUI/Gizmos/GLGizmoSimplify.cpp:681:51: error: use of undeclared identifier 'GL_LINE'
7400-  681 |         glsafe(::glPolygonMode(GL_FRONT_AND_BACK, GL_LINE));
7401-      |                                                   ^
7402:/Users/runner/work/Orca-iOS-ipa/Orca-iOS-ipa/orca/src/slic3r/GUI/Gizmos/GLGizmoSimplify.cpp:688:18: error: no member named 'glPolygonMode' in the global namespace
7403-  688 |         glsafe(::glPolygonMode(GL_FRONT_AND_BACK, GL_FILL));
7404-      |                ~~^
7405-/Users/runner/work/Orca-iOS-ipa/Orca-iOS-ipa/orca/src/slic3r/GUI/3DScene.hpp:33:25: note: expanded from macro 'glsafe'
7406-   33 |     #define glsafe(cmd) cmd
7407-      |                         ^~~
7408:/Users/runner/work/Orca-iOS-ipa/Orca-iOS-ipa/orca/src/slic3r/GUI/Gizmos/GLGizmoSimplify.cpp:688:51: error: use of undeclared identifier 'GL_FILL'
7409-  688 |         glsafe(::glPolygonMode(GL_FRONT_AND_BACK, GL_FILL));
7410-      |                                                   ^
7411:/Users/runner/work/Orca-iOS-ipa/Orca-iOS-ipa/orca/src/slic3r/GUI/Gizmos/GLGizmoSimplify.cpp:694:14: error: no member named 'glPopAttrib' in the global namespace
7412-  694 |     glsafe(::glPopAttrib());
7413-      |            ~~^
7414-/Users/runner/work/Orca-iOS-ipa/Orca-iOS-ipa/orca/src/slic3r/GUI/3DScene.hpp:33:25: note: expanded from macro 'glsafe'
7415-   33 |     #define glsafe(cmd) cmd
7416-      |                         ^~~
7417-1 warning and 5 errors generated.
7418-[379/651] Building CXX object src/slic3r/CMakeFiles/libslic3r_gui.dir/GUI/GLCanvas3D.cpp.o
7419:FAILED: [code=1] src/slic3r/CMakeFiles/libslic3r_gui.dir/GUI/GLCanvas3D.cpp.o 
7420-ccache /usr/bin/c++ -DBBL_RELEASE_TO_PUBLIC=1 -DBOOST_NO_CXX98_FUNCTION_BASE -DGIT_COMMIT_HASH=\"395e070a0e\" -DLIBNEST2D_GEOMETRIES_libslic3r -DLIBNEST2D_OPTIMIZER_nlopt -DLIBNEST2D_STATIC -DLIBNEST2D_THREADING_tbb -DNDEBUG -DSLIC3R_CURRENTLY_COMPILING_GUI_MODULE -DSLIC3R_DESKTOP_INTEGRATION -DSLIC3R_GUI -DTBB_USE_CAPTURED_EXCEPTION=0 -DUNICODE -DUSE_TBB -DWXINTL_NO_GETTEXT_MACRO -D_FILE_OFFSET_BITS=64 -D_HAS_AUTO_PTR_ETC=0 -D_UNICODE -D__WXOSX_IPHONE__ -DwxDEBUG_LEVEL=0 -DwxNO_UNSAFE_WXSTRING_CONV -DwxUSE_UNICODE -I/Users/runner/work/Orca-iOS-ipa/Orca-iOS-ipa/orca/src/slic3r/Utils -I/Users/runner/work/Orca-iOS-ipa/Orca-iOS-ipa/orca/build/src/slic3r -I/Users/runner/work/Orca-iOS-ipa/Orca-iOS-ipa/orca/build/src/libslic3r -I/Users/runner/work/Orca-iOS-ipa/Orca-iOS-ipa/orca/src/libvgcode/glad/include -I/Users/runner/work/Orca-iOS-ipa/Orca-iOS-ipa/orca/src/glad/include-es -I/Users/runner/work/Orca-iOS-ipa/Orca-iOS-ipa/orca/src/glad/../libvgcode/glad/include -isystem /Users/runner/work/Orca-iOS-ipa/Orca-iOS-ipa/orca/src -isystem /Users/runner/work/Orca-iOS-ipa/Orca-iOS-ipa/orca/build/src/dev-utils/platform -isystem /Users/runner/work/Orca-iOS-ipa/Orca-iOS-ipa/orca/src/libigl -isystem /Users/runner/work/Orca-iOS-ipa/Orca-iOS-ipa/ios-prefix/usr/local/include/opencascade -isystem /Users/runner/work/Orca-iOS-ipa/Orca-iOS-ipa/ios-prefix/usr/local/include/eigen3 -isystem /Users/runner/work/Orca-iOS-ipa/Orca-iOS-ipa/orca/deps_src/admesh -isystem /Users/runner/work/Orca-iOS-ipa/Orca-iOS-ipa/orca/deps_src/admesh/.. -isystem /Users/runner/work/Orca-iOS-ipa/Orca-iOS-ipa/orca/deps_src/libigl -isystem /Users/runner/work/Orca-iOS-ipa/Orca-iOS-ipa/orca/deps_src/libnest2d/include -isystem /Users/runner/work/Orca-iOS-ipa/Orca-iOS-ipa/ios-prefix/usr/local/include -isystem /Users/runner/work/Orca-iOS-ipa/Orca-iOS-ipa/orca/deps_src/miniz -isystem /Users/runner/work/Orca-iOS-ipa/Orca-iOS-ipa/ios-prefix/usr/local/include/opencv4 -isystem /Users/runner/work/Orca-iOS-ipa/Orca-iOS-ipa/orca/deps_src/imgui -isystem /Users/runner/work/Orca-iOS-ipa/Orca-iOS-ipa/orca/deps_src/imguizmo -isystem /Users/runner/work/Orca-iOS-ipa/Orca-iOS-ipa/orca/deps_src/minilzo -isystem /Users/runner/work/Orca-iOS-ipa/Orca-iOS-ipa/orca/deps_src/hidapi/include -isystem /Users/runner/work/Orca-iOS-ipa/Orca-iOS-ipa/orca/deps_src/mdns -isystem /Users/runner/work/Orca-iOS-ipa/Orca-iOS-ipa/wx-prefix/lib/wx/include/osx_iphone-unicode-static-3.3 -isystem /Users/runner/work/Orca-iOS-ipa/Orca-iOS-ipa/wx-prefix/include/wx-3.3 -Wall -Wno-reorder -Werror=partial-availability -Werror=unguarded-availability -Werror=unguarded-availability-new -O3 -DNDEBUG -std=gnu++17 -arch arm64 -isysroot /Applications/Xcode_16.4.app/Contents/Developer/Platforms/iPhoneSimulator.platform/Developer/SDKs/iPhoneSimulator18.5.sdk -mios-simulator-version-min=17.0 -fPIC -fsigned-char -Werror=return-type -Wno-unused-function -Wno-unused-variable -Wno-unused-but-set-variable -Wno-unused-label -Wno-unused-local-typedefs -Wno-sign-compare -Wno-misleading-indentation -Wno-switch -Wno-ignored-attributes -Wno-deprecated-declarations -Wno-error=enum-constexpr-conversion -Winvalid-pch -Xclang -include-pch -Xclang /Users/runner/work/Orca-iOS-ipa/Orca-iOS-ipa/orca/build/src/slic3r/CMakeFiles/libslic3r_gui.dir/cmake_pch.hxx.pch -Xclang -include -Xclang /Users/runner/work/Orca-iOS-ipa/Orca-iOS-ipa/orca/build/src/slic3r/CMakeFiles/libslic3r_gui.dir/cmake_pch.hxx -MD -MT src/slic3r/CMakeFiles/libslic3r_gui.dir/GUI/GLCanvas3D.cpp.o -MF src/slic3r/CMakeFiles/libslic3r_gui.dir/GUI/GLCanvas3D.cpp.o.d -o src/slic3r/CMakeFiles/libslic3r_gui.dir/GUI/GLCanvas3D.cpp.o -c /Users/runner/work/Orca-iOS-ipa/Orca-iOS-ipa/orca/src/slic3r/GUI/GLCanvas3D.cpp
7421-In file included from /Users/runner/work/Orca-iOS-ipa/Orca-iOS-ipa/orca/src/slic3r/GUI/GLCanvas3D.cpp:2:
7422-/Users/runner/work/Orca-iOS-ipa/Orca-iOS-ipa/orca/src/slic3r/GUI/GLCanvas3D.hpp:1153:50: warning: all paths through this function will call itself [-Winfinite-recursion]
7423- 1153 |     ArrangeSettings get_arrange_settings() const {
7424-      |                                                  ^
7425-In file included from /Users/runner/work/Orca-iOS-ipa/Orca-iOS-ipa/orca/src/slic3r/GUI/GLCanvas3D.cpp:19:
7426-In file included from /Users/runner/work/Orca-iOS-ipa/Orca-iOS-ipa/orca/src/slic3r/GUI/BackgroundSlicingProcess.hpp:17:
7427-In file included from /Users/runner/work/Orca-iOS-ipa/Orca-iOS-ipa/orca/src/slic3r/GUI/PartPlate.hpp:15:
7428-In file included from /Users/runner/work/Orca-iOS-ipa/Orca-iOS-ipa/orca/src/slic3r/GUI/Plater.hpp:20:
7429-In file included from /Users/runner/work/Orca-iOS-ipa/Orca-iOS-ipa/orca/src/slic3r/GUI/Search.hpp:22:
7430-/Users/runner/work/Orca-iOS-ipa/Orca-iOS-ipa/orca/src/slic3r/GUI/Widgets/ScrolledWindow.hpp:18:10: warning: 'ScrolledWindow::Refresh' hides overloaded virtual function [-Woverloaded-virtual]
7431-   18 |     void Refresh();
7432-      |          ^
7433-/Users/runner/work/Orca-iOS-ipa/Orca-iOS-ipa/wx-prefix/include/wx-3.3/wx/osx/window.h:79:18: note: hidden overloaded virtual function 'wxWindow::Refresh' declared here: different number of parameters (2 vs 0)
7434-   79 |     virtual void Refresh( bool eraseBackground = true,
7435-      |                  ^
7436-In file included from /Users/runner/work/Orca-iOS-ipa/Orca-iOS-ipa/orca/src/slic3r/GUI/GLCanvas3D.cpp:19:
7437-In file included from /Users/runner/work/Orca-iOS-ipa/Orca-iOS-ipa/orca/src/slic3r/GUI/BackgroundSlicingProcess.hpp:17:
7438-In file included from /Users/runner/work/Orca-iOS-ipa/Orca-iOS-ipa/orca/src/slic3r/GUI/PartPlate.hpp:15:
7439-In file included from /Users/runner/work/Orca-iOS-ipa/Orca-iOS-ipa/orca/src/slic3r/GUI/Plater.hpp:20:
7440-In file included from /Users/runner/work/Orca-iOS-ipa/Orca-iOS-ipa/orca/src/slic3r/GUI/Search.hpp:22:
7441-/Users/runner/work/Orca-iOS-ipa/Orca-iOS-ipa/orca/src/slic3r/GUI/Widgets/ScrolledWindow.hpp:19:10: warning: 'ScrolledWindow::SetBackgroundColour' hides overloaded virtual function [-Woverloaded-virtual]
7442-   19 |     void SetBackgroundColour(wxColour color);
7443-      |          ^
7444-/Users/runner/work/Orca-iOS-ipa/Orca-iOS-ipa/wx-prefix/include/wx-3.3/wx/osx/window.h:86:18: note: hidden overloaded virtual function 'wxWindow::SetBackgroundColour' declared here: type mismatch at 1st parameter ('const wxColour &' vs 'wxColour')
7445-   86 |     virtual bool SetBackgroundColour( const wxColour &colour ) override;
7446-      |                  ^
7447-In file included from /Users/runner/work/Orca-iOS-ipa/Orca-iOS-ipa/orca/src/slic3r/GUI/GLCanvas3D.cpp:19:
7448-In file included from /Users/runner/work/Orca-iOS-ipa/Orca-iOS-ipa/orca/src/slic3r/GUI/BackgroundSlicingProcess.hpp:17:
7449-In file included from /Users/runner/work/Orca-iOS-ipa/Orca-iOS-ipa/orca/src/slic3r/GUI/PartPlate.hpp:15:
7450-In file included from /Users/runner/work/Orca-iOS-ipa/Orca-iOS-ipa/orca/src/slic3r/GUI/Plater.hpp:20:
7451-In file included from /Users/runner/work/Orca-iOS-ipa/Orca-iOS-ipa/orca/src/slic3r/GUI/Search.hpp:23:
7452-/Users/runner/work/Orca-iOS-ipa/Orca-iOS-ipa/orca/src/slic3r/GUI/Widgets/TextInput.hpp:46:10: warning: 'SetLabel' overrides a member function but is not marked 'override' [-Winconsistent-missing-override]
7453-   46 |     void SetLabel(const wxString& label);
7454-      |          ^
7455-/Users/runner/work/Orca-iOS-ipa/Orca-iOS-ipa/wx-prefix/include/wx-3.3/wx/osx/window.h:56:18: note: overridden virtual function is here
7456-   56 |     virtual void SetLabel( const wxString& label ) override;
7457-      |                  ^
7458-In file included from /Users/runner/work/Orca-iOS-ipa/Orca-iOS-ipa/orca/src/slic3r/GUI/GLCanvas3D.cpp:19:
7459-In file included from /Users/runner/work/Orca-iOS-ipa/Orca-iOS-ipa/orca/src/slic3r/GUI/BackgroundSlicingProcess.hpp:17:
7460-In file included from /Users/runner/work/Orca-iOS-ipa/Orca-iOS-ipa/orca/src/slic3r/GUI/PartPlate.hpp:15:
7461-In file included from /Users/runner/work/Orca-iOS-ipa/Orca-iOS-ipa/orca/src/slic3r/GUI/Plater.hpp:20:
7462-In file included from /Users/runner/work/Orca-iOS-ipa/Orca-iOS-ipa/orca/src/slic3r/GUI/Search.hpp:23:
7463-/Users/runner/work/Orca-iOS-ipa/Orca-iOS-ipa/orca/src/slic3r/GUI/Widgets/TextInput.hpp:72:18: warning: 'DoSetSize' overrides a member function but is not marked 'override' [-Winconsistent-missing-override]
7464-   72 |     virtual void DoSetSize(
7465-      |                  ^
7466-/Users/runner/work/Orca-iOS-ipa/Orca-iOS-ipa/wx-prefix/include/wx-3.3/wx/osx/window.h:379:18: note: overridden virtual function is here
7467-  379 |     virtual void DoSetSize(int x, int y,
7468-      |                  ^
7469-In file included from /Users/runner/work/Orca-iOS-ipa/Orca-iOS-ipa/orca/src/slic3r/GUI/GLCanvas3D.cpp:19:
7470-In file included from /Users/runner/work/Orca-iOS-ipa/Orca-iOS-ipa/orca/src/slic3r/GUI/BackgroundSlicingProcess.hpp:17:
7471-In file included from /Users/runner/work/Orca-iOS-ipa/Orca-iOS-ipa/orca/src/slic3r/GUI/PartPlate.hpp:15:
7472-In file included from /Users/runner/work/Orca-iOS-ipa/Orca-iOS-ipa/orca/src/slic3r/GUI/Plater.hpp:20:
7473-In file included from /Users/runner/work/Orca-iOS-ipa/Orca-iOS-ipa/orca/src/slic3r/GUI/Search.hpp:23:
7474-/Users/runner/work/Orca-iOS-ipa/Orca-iOS-ipa/orca/src/slic3r/GUI/Widgets/TextInput.hpp:75:10: warning: 'DoSetToolTipText' overrides a member function but is not marked 'override' [-Winconsistent-missing-override]
7475-   75 |     void DoSetToolTipText(wxString const &tip);
7476-      |          ^
7477-/Users/runner/work/Orca-iOS-ipa/Orca-iOS-ipa/wx-prefix/include/wx-3.3/wx/window.h:2005:18: note: overridden virtual function is here
7478- 2005 |     virtual void DoSetToolTipText( const wxString &tip );
7479-      |                  ^
--
7675-In file included from /Users/runner/work/Orca-iOS-ipa/Orca-iOS-ipa/orca/src/slic3r/GUI/GLCanvas3D.cpp:51:
7676-In file included from /Users/runner/work/Orca-iOS-ipa/Orca-iOS-ipa/wx-prefix/include/wx-3.3/wx/glcanvas.h:375:
7677-In file included from /Users/runner/work/Orca-iOS-ipa/Orca-iOS-ipa/wx-prefix/include/wx-3.3/wx/osx/glcanvas.h:18:
7678:/Applications/Xcode_16.4.app/Contents/Developer/Platforms/iPhoneSimulator.platform/Developer/SDKs/iPhoneSimulator18.5.sdk/System/Library/Frameworks/OpenGLES.framework/Headers/ES1/gl.h:639:25: error: redefinition of 'glad_glClearColor' as different kind of symbol
7679-  639 | GL_API void GL_APIENTRY glClearColor (GLclampf red, GLclampf green, GLclampf blue, GLclampf alpha) OPENGLES_DEPRECATED(ios(2.0, 12.0), tvos(9.0, 12.0));
7680-      |                         ^
7681-/Users/runner/work/Orca-iOS-ipa/Orca-iOS-ipa/orca/src/libvgcode/glad/include/glad/gles2.h:1182:22: note: expanded from macro 'glClearColor'
7682- 1182 | #define glClearColor glad_glClearColor
7683-      |                      ^
7684-/Users/runner/work/Orca-iOS-ipa/Orca-iOS-ipa/orca/src/libvgcode/glad/include/glad/gles2.h:1181:35: note: previous definition is here
7685- 1181 | GLAD_API_CALL PFNGLCLEARCOLORPROC glad_glClearColor;
7686-      |                                   ^
7687-In file included from /Users/runner/work/Orca-iOS-ipa/Orca-iOS-ipa/orca/src/slic3r/GUI/GLCanvas3D.cpp:51:
7688-In file included from /Users/runner/work/Orca-iOS-ipa/Orca-iOS-ipa/wx-prefix/include/wx-3.3/wx/glcanvas.h:375:
7689-In file included from /Users/runner/work/Orca-iOS-ipa/Orca-iOS-ipa/wx-prefix/include/wx-3.3/wx/osx/glcanvas.h:18:
7690:/Applications/Xcode_16.4.app/Contents/Developer/Platforms/iPhoneSimulator.platform/Developer/SDKs/iPhoneSimulator18.5.sdk/System/Library/Frameworks/OpenGLES.framework/Headers/ES1/gl.h:640:25: error: redefinition of 'glad_glClearDepthf' as different kind of symbol
7691-  640 | GL_API void GL_APIENTRY glClearDepthf (GLclampf depth) OPENGLES_DEPRECATED(ios(2.0, 12.0), tvos(9.0, 12.0));
7692-      |                         ^
7693-/Users/runner/work/Orca-iOS-ipa/Orca-iOS-ipa/orca/src/libvgcode/glad/include/glad/gles2.h:1184:23: note: expanded from macro 'glClearDepthf'
7694- 1184 | #define glClearDepthf glad_glClearDepthf
7695-      |                       ^
7696-/Users/runner/work/Orca-iOS-ipa/Orca-iOS-ipa/orca/src/libvgcode/glad/include/glad/gles2.h:1183:36: note: previous definition is here
7697- 1183 | GLAD_API_CALL PFNGLCLEARDEPTHFPROC glad_glClearDepthf;
7698-      |                                    ^
7699-In file included from /Users/runner/work/Orca-iOS-ipa/Orca-iOS-ipa/orca/src/slic3r/GUI/GLCanvas3D.cpp:51:
7700-In file included from /Users/runner/work/Orca-iOS-ipa/Orca-iOS-ipa/wx-prefix/include/wx-3.3/wx/glcanvas.h:375:
7701-In file included from /Users/runner/work/Orca-iOS-ipa/Orca-iOS-ipa/wx-prefix/include/wx-3.3/wx/osx/glcanvas.h:18:
7702:/Applications/Xcode_16.4.app/Contents/Developer/Platforms/iPhoneSimulator.platform/Developer/SDKs/iPhoneSimulator18.5.sdk/System/Library/Frameworks/OpenGLES.framework/Headers/ES1/gl.h:643:25: error: redefinition of 'glad_glDepthRangef' as different kind of symbol
7703-  643 | GL_API void GL_APIENTRY glDepthRangef (GLclampf zNear, GLclampf zFar) OPENGLES_DEPRECATED(ios(2.0, 12.0), tvos(9.0, 12.0));
7704-      |                         ^
7705-/Users/runner/work/Orca-iOS-ipa/Orca-iOS-ipa/orca/src/libvgcode/glad/include/glad/gles2.h:1242:23: note: expanded from macro 'glDepthRangef'
7706- 1242 | #define glDepthRangef glad_glDepthRangef
7707-      |                       ^
7708-/Users/runner/work/Orca-iOS-ipa/Orca-iOS-ipa/orca/src/libvgcode/glad/include/glad/gles2.h:1241:36: note: previous definition is here
7709- 1241 | GLAD_API_CALL PFNGLDEPTHRANGEFPROC glad_glDepthRangef;
7710-      |                                    ^
7711-In file included from /Users/runner/work/Orca-iOS-ipa/Orca-iOS-ipa/orca/src/slic3r/GUI/GLCanvas3D.cpp:51:
7712-In file included from /Users/runner/work/Orca-iOS-ipa/Orca-iOS-ipa/wx-prefix/include/wx-3.3/wx/glcanvas.h:375:
7713-In file included from /Users/runner/work/Orca-iOS-ipa/Orca-iOS-ipa/wx-prefix/include/wx-3.3/wx/osx/glcanvas.h:18:
7714:/Applications/Xcode_16.4.app/Contents/Developer/Platforms/iPhoneSimulator.platform/Developer/SDKs/iPhoneSimulator18.5.sdk/System/Library/Frameworks/OpenGLES.framework/Headers/ES1/gl.h:648:25: error: redefinition of 'glad_glGetFloatv' as different kind of symbol
7715-  648 | GL_API void GL_APIENTRY glGetFloatv (GLenum pname, GLfloat *params) OPENGLES_DEPRECATED(ios(2.0, 12.0), tvos(9.0, 12.0));
7716-      |                         ^
7717-/Users/runner/work/Orca-iOS-ipa/Orca-iOS-ipa/orca/src/libvgcode/glad/include/glad/gles2.h:1328:21: note: expanded from macro 'glGetFloatv'
7718- 1328 | #define glGetFloatv glad_glGetFloatv
7719-      |                     ^
7720-/Users/runner/work/Orca-iOS-ipa/Orca-iOS-ipa/orca/src/libvgcode/glad/include/glad/gles2.h:1327:34: note: previous definition is here
7721- 1327 | GLAD_API_CALL PFNGLGETFLOATVPROC glad_glGetFloatv;
7722-      |                                  ^
7723-In file included from /Users/runner/work/Orca-iOS-ipa/Orca-iOS-ipa/orca/src/slic3r/GUI/GLCanvas3D.cpp:51:
7724-In file included from /Users/runner/work/Orca-iOS-ipa/Orca-iOS-ipa/wx-prefix/include/wx-3.3/wx/glcanvas.h:375:
7725-In file included from /Users/runner/work/Orca-iOS-ipa/Orca-iOS-ipa/wx-prefix/include/wx-3.3/wx/osx/glcanvas.h:18:
7726:/Applications/Xcode_16.4.app/Contents/Developer/Platforms/iPhoneSimulator.platform/Developer/SDKs/iPhoneSimulator18.5.sdk/System/Library/Frameworks/OpenGLES.framework/Headers/ES1/gl.h:652:25: error: redefinition of 'glad_glGetTexParameterfv' as different kind of symbol
7727-  652 | GL_API void GL_APIENTRY glGetTexParameterfv (GLenum target, GLenum pname, GLfloat *params) OPENGLES_DEPRECATED(ios(2.0, 12.0), tvos(9.0, 12.0));
7728-      |                         ^
7729-/Users/runner/work/Orca-iOS-ipa/Orca-iOS-ipa/orca/src/libvgcode/glad/include/glad/gles2.h:1374:29: note: expanded from macro 'glGetTexParameterfv'
7730- 1374 | #define glGetTexParameterfv glad_glGetTexParameterfv
7731-      |                             ^
7732-/Users/runner/work/Orca-iOS-ipa/Orca-iOS-ipa/orca/src/libvgcode/glad/include/glad/gles2.h:1373:42: note: previous definition is here
7733- 1373 | GLAD_API_CALL PFNGLGETTEXPARAMETERFVPROC glad_glGetTexParameterfv;
7734-      |                                          ^
7735-In file included from /Users/runner/work/Orca-iOS-ipa/Orca-iOS-ipa/orca/src/slic3r/GUI/GLCanvas3D.cpp:51:
7736-In file included from /Users/runner/work/Orca-iOS-ipa/Orca-iOS-ipa/wx-prefix/include/wx-3.3/wx/glcanvas.h:375:
7737-In file included from /Users/runner/work/Orca-iOS-ipa/Orca-iOS-ipa/wx-prefix/include/wx-3.3/wx/osx/glcanvas.h:18:
7738:/Applications/Xcode_16.4.app/Contents/Developer/Platforms/iPhoneSimulator.platform/Developer/SDKs/iPhoneSimulator18.5.sdk/System/Library/Frameworks/OpenGLES.framework/Headers/ES1/gl.h:657:25: error: redefinition of 'glad_glLineWidth' as different kind of symbol
7739-  657 | GL_API void GL_APIENTRY glLineWidth (GLfloat width) OPENGLES_DEPRECATED(ios(2.0, 12.0), tvos(9.0, 12.0));
7740-      |                         ^
7741-/Users/runner/work/Orca-iOS-ipa/Orca-iOS-ipa/orca/src/libvgcode/glad/include/glad/gles2.h:1432:21: note: expanded from macro 'glLineWidth'
7742- 1432 | #define glLineWidth glad_glLineWidth
7743-      |                     ^
7744-/Users/runner/work/Orca-iOS-ipa/Orca-iOS-ipa/orca/src/libvgcode/glad/include/glad/gles2.h:1431:34: note: previous definition is here
7745- 1431 | GLAD_API_CALL PFNGLLINEWIDTHPROC glad_glLineWidth;
7746-      |                                  ^
7747-In file included from /Users/runner/work/Orca-iOS-ipa/Orca-iOS-ipa/orca/src/slic3r/GUI/GLCanvas3D.cpp:51:
7748-In file included from /Users/runner/work/Orca-iOS-ipa/Orca-iOS-ipa/wx-prefix/include/wx-3.3/wx/glcanvas.h:375:
7749-In file included from /Users/runner/work/Orca-iOS-ipa/Orca-iOS-ipa/wx-prefix/include/wx-3.3/wx/osx/glcanvas.h:18:
7750:/Applications/Xcode_16.4.app/Contents/Developer/Platforms/iPhoneSimulator.platform/Developer/SDKs/iPhoneSimulator18.5.sdk/System/Library/Frameworks/OpenGLES.framework/Headers/ES1/gl.h:668:25: error: redefinition of 'glad_glPolygonOffset' as different kind of symbol
7751-  668 | GL_API void GL_APIENTRY glPolygonOffset (GLfloat factor, GLfloat units) OPENGLES_DEPRECATED(ios(2.0, 12.0), tvos(9.0, 12.0));
7752-      |                         ^
7753-/Users/runner/work/Orca-iOS-ipa/Orca-iOS-ipa/orca/src/libvgcode/glad/include/glad/gles2.h:1442:25: note: expanded from macro 'glPolygonOffset'
7754- 1442 | #define glPolygonOffset glad_glPolygonOffset
7755-      |                         ^
7756-/Users/runner/work/Orca-iOS-ipa/Orca-iOS-ipa/orca/src/libvgcode/glad/include/glad/gles2.h:1441:38: note: previous definition is here
7757- 1441 | GLAD_API_CALL PFNGLPOLYGONOFFSETPROC glad_glPolygonOffset;
7758-      |                                      ^
7759-In file included from /Users/runner/work/Orca-iOS-ipa/Orca-iOS-ipa/orca/src/slic3r/GUI/GLCanvas3D.cpp:51:
7760-In file included from /Users/runner/work/Orca-iOS-ipa/Orca-iOS-ipa/wx-prefix/include/wx-3.3/wx/glcanvas.h:375:
7761-In file included from /Users/runner/work/Orca-iOS-ipa/Orca-iOS-ipa/wx-prefix/include/wx-3.3/wx/osx/glcanvas.h:18:
7762:/Applications/Xcode_16.4.app/Contents/Developer/Platforms/iPhoneSimulator.platform/Developer/SDKs/iPhoneSimulator18.5.sdk/System/Library/Frameworks/OpenGLES.framework/Headers/ES1/gl.h:670:25: error: redefinition of 'glad_glSampleCoverage' as different kind of symbol
7763-  670 | GL_API void GL_APIENTRY glSampleCoverage (GLclampf value, GLboolean invert) OPENGLES_DEPRECATED(ios(2.0, 12.0), tvos(9.0, 12.0));
7764-      |                         ^
7765-/Users/runner/work/Orca-iOS-ipa/Orca-iOS-ipa/orca/src/libvgcode/glad/include/glad/gles2.h:1460:26: note: expanded from macro 'glSampleCoverage'
7766- 1460 | #define glSampleCoverage glad_glSampleCoverage
7767-      |                          ^
7768-/Users/runner/work/Orca-iOS-ipa/Orca-iOS-ipa/orca/src/libvgcode/glad/include/glad/gles2.h:1459:39: note: previous definition is here
7769- 1459 | GLAD_API_CALL PFNGLSAMPLECOVERAGEPROC glad_glSampleCoverage;
7770-      |                                       ^
7771-In file included from /Users/runner/work/Orca-iOS-ipa/Orca-iOS-ipa/orca/src/slic3r/GUI/GLCanvas3D.cpp:51:
7772-In file included from /Users/runner/work/Orca-iOS-ipa/Orca-iOS-ipa/wx-prefix/include/wx-3.3/wx/glcanvas.h:375:
7773-In file included from /Users/runner/work/Orca-iOS-ipa/Orca-iOS-ipa/wx-prefix/include/wx-3.3/wx/osx/glcanvas.h:18:
7774:/Applications/Xcode_16.4.app/Contents/Developer/Platforms/iPhoneSimulator.platform/Developer/SDKs/iPhoneSimulator18.5.sdk/System/Library/Frameworks/OpenGLES.framework/Headers/ES1/gl.h:674:25: error: redefinition of 'glad_glTexParameterf' as different kind of symbol
7775-  674 | GL_API void GL_APIENTRY glTexParameterf (GLenum target, GLenum pname, GLfloat param) OPENGLES_DEPRECATED(ios(2.0, 12.0), tvos(9.0, 12.0));
7776-      |                         ^
7777-/Users/runner/work/Orca-iOS-ipa/Orca-iOS-ipa/orca/src/libvgcode/glad/include/glad/gles2.h:1492:25: note: expanded from macro 'glTexParameterf'
7778- 1492 | #define glTexParameterf glad_glTexParameterf
7779-      |                         ^
7780-/Users/runner/work/Orca-iOS-ipa/Orca-iOS-ipa/orca/src/libvgcode/glad/include/glad/gles2.h:1491:38: note: previous definition is here
7781- 1491 | GLAD_API_CALL PFNGLTEXPARAMETERFPROC glad_glTexParameterf;
7782-      |                                      ^
7783-In file included from /Users/runner/work/Orca-iOS-ipa/Orca-iOS-ipa/orca/src/slic3r/GUI/GLCanvas3D.cpp:51:
7784-In file included from /Users/runner/work/Orca-iOS-ipa/Orca-iOS-ipa/wx-prefix/include/wx-3.3/wx/glcanvas.h:375:
7785-In file included from /Users/runner/work/Orca-iOS-ipa/Orca-iOS-ipa/wx-prefix/include/wx-3.3/wx/osx/glcanvas.h:18:
7786:/Applications/Xcode_16.4.app/Contents/Developer/Platforms/iPhoneSimulator.platform/Developer/SDKs/iPhoneSimulator18.5.sdk/System/Library/Frameworks/OpenGLES.framework/Headers/ES1/gl.h:675:25: error: redefinition of 'glad_glTexParameterfv' as different kind of symbol
7787-  675 | GL_API void GL_APIENTRY glTexParameterfv (GLenum target, GLenum pname, const GLfloat *params) OPENGLES_DEPRECATED(ios(2.0, 12.0), tvos(9.0, 12.0));
7788-      |                         ^
7789-/Users/runner/work/Orca-iOS-ipa/Orca-iOS-ipa/orca/src/libvgcode/glad/include/glad/gles2.h:1494:26: note: expanded from macro 'glTexParameterfv'
7790- 1494 | #define glTexParameterfv glad_glTexParameterfv
7791-      |                          ^
7792-/Users/runner/work/Orca-iOS-ipa/Orca-iOS-ipa/orca/src/libvgcode/glad/include/glad/gles2.h:1493:39: note: previous definition is here
7793- 1493 | GLAD_API_CALL PFNGLTEXPARAMETERFVPROC glad_glTexParameterfv;
7794-      |                                       ^
7795-In file included from /Users/runner/work/Orca-iOS-ipa/Orca-iOS-ipa/orca/src/slic3r/GUI/GLCanvas3D.cpp:51:
7796-In file included from /Users/runner/work/Orca-iOS-ipa/Orca-iOS-ipa/wx-prefix/include/wx-3.3/wx/glcanvas.h:375:
7797-In file included from /Users/runner/work/Orca-iOS-ipa/Orca-iOS-ipa/wx-prefix/include/wx-3.3/wx/osx/glcanvas.h:18:
7798:/Applications/Xcode_16.4.app/Contents/Developer/Platforms/iPhoneSimulator.platform/Developer/SDKs/iPhoneSimulator18.5.sdk/System/Library/Frameworks/OpenGLES.framework/Headers/ES1/gl.h:678:25: error: redefinition of 'glad_glActiveTexture' as different kind of symbol
7799-  678 | GL_API void GL_APIENTRY glActiveTexture (GLenum texture) OPENGLES_DEPRECATED(ios(2.0, 12.0), tvos(9.0, 12.0));
7800-      |                         ^
7801-/Users/runner/work/Orca-iOS-ipa/Orca-iOS-ipa/orca/src/libvgcode/glad/include/glad/gles2.h:1126:25: note: expanded from macro 'glActiveTexture'
7802- 1126 | #define glActiveTexture glad_glActiveTexture
7803-      |                         ^
7804-/Users/runner/work/Orca-iOS-ipa/Orca-iOS-ipa/orca/src/libvgcode/glad/include/glad/gles2.h:1125:38: note: previous definition is here
7805- 1125 | GLAD_API_CALL PFNGLACTIVETEXTUREPROC glad_glActiveTexture;
7806-      |                                      ^
7807-In file included from /Users/runner/work/Orca-iOS-ipa/Orca-iOS-ipa/orca/src/slic3r/GUI/GLCanvas3D.cpp:51:
7808-In file included from /Users/runner/work/Orca-iOS-ipa/Orca-iOS-ipa/wx-prefix/include/wx-3.3/wx/glcanvas.h:375:
7809-In file included from /Users/runner/work/Orca-iOS-ipa/Orca-iOS-ipa/wx-prefix/include/wx-3.3/wx/osx/glcanvas.h:18:
7810:/Applications/Xcode_16.4.app/Contents/Developer/Platforms/iPhoneSimulator.platform/Developer/SDKs/iPhoneSimulator18.5.sdk/System/Library/Frameworks/OpenGLES.framework/Headers/ES1/gl.h:680:25: error: redefinition of 'glad_glBindBuffer' as different kind of symbol
7811-  680 | GL_API void GL_APIENTRY glBindBuffer (GLenum target, GLuint buffer) OPENGLES_DEPRECATED(ios(2.0, 12.0), tvos(9.0, 12.0));
7812-      |                         ^
7813-/Users/runner/work/Orca-iOS-ipa/Orca-iOS-ipa/orca/src/libvgcode/glad/include/glad/gles2.h:1136:22: note: expanded from macro 'glBindBuffer'
7814- 1136 | #define glBindBuffer glad_glBindBuffer
7815-      |                      ^
7816-/Users/runner/work/Orca-iOS-ipa/Orca-iOS-ipa/orca/src/libvgcode/glad/include/glad/gles2.h:1135:35: note: previous definition is here
7817- 1135 | GLAD_API_CALL PFNGLBINDBUFFERPROC glad_glBindBuffer;
7818-      |                                   ^
7819-In file included from /Users/runner/work/Orca-iOS-ipa/Orca-iOS-ipa/orca/src/slic3r/GUI/GLCanvas3D.cpp:51:
7820-In file included from /Users/runner/work/Orca-iOS-ipa/Orca-iOS-ipa/wx-prefix/include/wx-3.3/wx/glcanvas.h:375:
7821-In file included from /Users/runner/work/Orca-iOS-ipa/Orca-iOS-ipa/wx-prefix/include/wx-3.3/wx/osx/glcanvas.h:18:
7822:/Applications/Xcode_16.4.app/Contents/Developer/Platforms/iPhoneSimulator.platform/Developer/SDKs/iPhoneSimulator18.5.sdk/System/Library/Frameworks/OpenGLES.framework/Headers/ES1/gl.h:681:25: error: redefinition of 'glad_glBindTexture' as different kind of symbol
7823-  681 | GL_API void GL_APIENTRY glBindTexture (GLenum target, GLuint texture) OPENGLES_DEPRECATED(ios(2.0, 12.0), tvos(9.0, 12.0));
7824-      |                         ^
7825-/Users/runner/work/Orca-iOS-ipa/Orca-iOS-ipa/orca/src/libvgcode/glad/include/glad/gles2.h:1148:23: note: expanded from macro 'glBindTexture'
7826- 1148 | #define glBindTexture glad_glBindTexture
7827-      |                       ^
7828-/Users/runner/work/Orca-iOS-ipa/Orca-iOS-ipa/orca/src/libvgcode/glad/include/glad/gles2.h:1147:36: note: previous definition is here
7829- 1147 | GLAD_API_CALL PFNGLBINDTEXTUREPROC glad_glBindTexture;
7830-      |                                    ^
7831-In file included from /Users/runner/work/Orca-iOS-ipa/Orca-iOS-ipa/orca/src/slic3r/GUI/GLCanvas3D.cpp:51:
7832-In file included from /Users/runner/work/Orca-iOS-ipa/Orca-iOS-ipa/wx-prefix/include/wx-3.3/wx/glcanvas.h:375:
7833-In file included from /Users/runner/work/Orca-iOS-ipa/Orca-iOS-ipa/wx-prefix/include/wx-3.3/wx/osx/glcanvas.h:18:
7834:/Applications/Xcode_16.4.app/Contents/Developer/Platforms/iPhoneSimulator.platform/Developer/SDKs/iPhoneSimulator18.5.sdk/System/Library/Frameworks/OpenGLES.framework/Headers/ES1/gl.h:682:25: error: redefinition of 'glad_glBlendFunc' as different kind of symbol
7835-  682 | GL_API void GL_APIENTRY glBlendFunc (GLenum sfactor, GLenum dfactor) OPENGLES_DEPRECATED(ios(2.0, 12.0), tvos(9.0, 12.0));
7836-      |                         ^
7837-/Users/runner/work/Orca-iOS-ipa/Orca-iOS-ipa/orca/src/libvgcode/glad/include/glad/gles2.h:1160:21: note: expanded from macro 'glBlendFunc'
7838- 1160 | #define glBlendFunc glad_glBlendFunc
7839-      |                     ^
7840-/Users/runner/work/Orca-iOS-ipa/Orca-iOS-ipa/orca/src/libvgcode/glad/include/glad/gles2.h:1159:34: note: previous definition is here
7841- 1159 | GLAD_API_CALL PFNGLBLENDFUNCPROC glad_glBlendFunc;
7842-      |                                  ^
7843-In file included from /Users/runner/work/Orca-iOS-ipa/Orca-iOS-ipa/orca/src/slic3r/GUI/GLCanvas3D.cpp:51:
7844-In file included from /Users/runner/work/Orca-iOS-ipa/Orca-iOS-ipa/wx-prefix/include/wx-3.3/wx/glcanvas.h:375:
7845-In file included from /Users/runner/work/Orca-iOS-ipa/Orca-iOS-ipa/wx-prefix/include/wx-3.3/wx/osx/glcanvas.h:18:
7846:/Applications/Xcode_16.4.app/Contents/Developer/Platforms/iPhoneSimulator.platform/Developer/SDKs/iPhoneSimulator18.5.sdk/System/Library/Frameworks/OpenGLES.framework/Headers/ES1/gl.h:683:25: error: redefinition of 'glad_glBufferData' as different kind of symbol
7847-  683 | GL_API void GL_APIENTRY glBufferData (GLenum target, GLsizeiptr size, const GLvoid *data, GLenum usage) OPENGLES_DEPRECATED(ios(2.0, 12.0), tvos(9.0, 12.0));
7848-      |                         ^
7849-/Users/runner/work/Orca-iOS-ipa/Orca-iOS-ipa/orca/src/libvgcode/glad/include/glad/gles2.h:1166:22: note: expanded from macro 'glBufferData'
7850- 1166 | #define glBufferData glad_glBufferData
7851-      |                      ^
7852-/Users/runner/work/Orca-iOS-ipa/Orca-iOS-ipa/orca/src/libvgcode/glad/include/glad/gles2.h:1165:35: note: previous definition is here
7853- 1165 | GLAD_API_CALL PFNGLBUFFERDATAPROC glad_glBufferData;
7854-      |                                   ^
7855-In file included from /Users/runner/work/Orca-iOS-ipa/Orca-iOS-ipa/orca/src/slic3r/GUI/GLCanvas3D.cpp:51:
7856-In file included from /Users/runner/work/Orca-iOS-ipa/Orca-iOS-ipa/wx-prefix/include/wx-3.3/wx/glcanvas.h:375:
7857-In file included from /Users/runner/work/Orca-iOS-ipa/Orca-iOS-ipa/wx-prefix/include/wx-3.3/wx/osx/glcanvas.h:18:
7858:/Applications/Xcode_16.4.app/Contents/Developer/Platforms/iPhoneSimulator.platform/Developer/SDKs/iPhoneSimulator18.5.sdk/System/Library/Frameworks/OpenGLES.framework/Headers/ES1/gl.h:684:25: error: redefinition of 'glad_glBufferSubData' as different kind of symbol
7859-  684 | GL_API void GL_APIENTRY glBufferSubData (GLenum target, GLintptr offset, GLsizeiptr size, const GLvoid *data) OPENGLES_DEPRECATED(ios(2.0, 12.0), tvos(9.0, 12.0));
7860-      |                         ^
7861-/Users/runner/work/Orca-iOS-ipa/Orca-iOS-ipa/orca/src/libvgcode/glad/include/glad/gles2.h:1168:25: note: expanded from macro 'glBufferSubData'
7862- 1168 | #define glBufferSubData glad_glBufferSubData
7863-      |                         ^
7864-/Users/runner/work/Orca-iOS-ipa/Orca-iOS-ipa/orca/src/libvgcode/glad/include/glad/gles2.h:1167:38: note: previous definition is here
7865- 1167 | GLAD_API_CALL PFNGLBUFFERSUBDATAPROC glad_glBufferSubData;
7866-      |                                      ^
7867-In file included from /Users/runner/work/Orca-iOS-ipa/Orca-iOS-ipa/orca/src/slic3r/GUI/GLCanvas3D.cpp:51:
7868-In file included from /Users/runner/work/Orca-iOS-ipa/Orca-iOS-ipa/wx-prefix/include/wx-3.3/wx/glcanvas.h:375:
7869-In file included from /Users/runner/work/Orca-iOS-ipa/Orca-iOS-ipa/wx-prefix/include/wx-3.3/wx/osx/glcanvas.h:18:
7870:/Applications/Xcode_16.4.app/Contents/Developer/Platforms/iPhoneSimulator.platform/Developer/SDKs/iPhoneSimulator18.5.sdk/System/Library/Frameworks/OpenGLES.framework/Headers/ES1/gl.h:685:25: error: redefinition of 'glad_glClear' as different kind of symbol
7871-  685 | GL_API void GL_APIENTRY glClear (GLbitfield mask) OPENGLES_DEPRECATED(ios(2.0, 12.0), tvos(9.0, 12.0));
7872-      |                         ^
7873-/Users/runner/work/Orca-iOS-ipa/Orca-iOS-ipa/orca/src/libvgcode/glad/include/glad/gles2.h:1172:17: note: expanded from macro 'glClear'
7874- 1172 | #define glClear glad_glClear
7875-      |                 ^
7876-/Users/runner/work/Orca-iOS-ipa/Orca-iOS-ipa/orca/src/libvgcode/glad/include/glad/gles2.h:1171:30: note: previous definition is here
7877- 1171 | GLAD_API_CALL PFNGLCLEARPROC glad_glClear;
7878-      |                              ^
7879-In file included from /Users/runner/work/Orca-iOS-ipa/Orca-iOS-ipa/orca/src/slic3r/GUI/GLCanvas3D.cpp:51:
7880-In file included from /Users/runner/work/Orca-iOS-ipa/Orca-iOS-ipa/wx-prefix/include/wx-3.3/wx/glcanvas.h:375:
7881-In file included from /Users/runner/work/Orca-iOS-ipa/Orca-iOS-ipa/wx-prefix/include/wx-3.3/wx/osx/glcanvas.h:18:
7882:/Applications/Xcode_16.4.app/Contents/Developer/Platforms/iPhoneSimulator.platform/Developer/SDKs/iPhoneSimulator18.5.sdk/System/Library/Frameworks/OpenGLES.framework/Headers/ES1/gl.h:688:25: error: redefinition of 'glad_glClearStencil' as different kind of symbol
7883-  688 | GL_API void GL_APIENTRY glClearStencil (GLint s) OPENGLES_DEPRECATED(ios(2.0, 12.0), tvos(9.0, 12.0));
7884-      |                         ^
7885-/Users/runner/work/Orca-iOS-ipa/Orca-iOS-ipa/orca/src/libvgcode/glad/include/glad/gles2.h:1186:24: note: expanded from macro 'glClearStencil'
7886- 1186 | #define glClearStencil glad_glClearStencil
7887-      |                        ^
7888-/Users/runner/work/Orca-iOS-ipa/Orca-iOS-ipa/orca/src/libvgcode/glad/include/glad/gles2.h:1185:37: note: previous definition is here
7889- 1185 | GLAD_API_CALL PFNGLCLEARSTENCILPROC glad_glClearStencil;
7890-      |                                     ^
7891-In file included from /Users/runner/work/Orca-iOS-ipa/Orca-iOS-ipa/orca/src/slic3r/GUI/GLCanvas3D.cpp:51:
7892-In file included from /Users/runner/work/Orca-iOS-ipa/Orca-iOS-ipa/wx-prefix/include/wx-3.3/wx/glcanvas.h:375:
7893-In file included from /Users/runner/work/Orca-iOS-ipa/Orca-iOS-ipa/wx-prefix/include/wx-3.3/wx/osx/glcanvas.h:18:
7894:/Applications/Xcode_16.4.app/Contents/Developer/Platforms/iPhoneSimulator.platform/Developer/SDKs/iPhoneSimulator18.5.sdk/System/Library/Frameworks/OpenGLES.framework/Headers/ES1/gl.h:693:25: error: redefinition of 'glad_glColorMask' as different kind of symbol
7895-  693 | GL_API void GL_APIENTRY glColorMask (GLboolean red, GLboolean green, GLboolean blue, GLboolean alpha) OPENGLES_DEPRECATED(ios(2.0, 12.0), tvos(9.0, 12.0));
7896-      |                         ^
7897-/Users/runner/work/Orca-iOS-ipa/Orca-iOS-ipa/orca/src/libvgcode/glad/include/glad/gles2.h:1190:21: note: expanded from macro 'glColorMask'
7898- 1190 | #define glColorMask glad_glColorMask
7899-      |                     ^
7900-/Users/runner/work/Orca-iOS-ipa/Orca-iOS-ipa/orca/src/libvgcode/glad/include/glad/gles2.h:1189:34: note: previous definition is here
7901- 1189 | GLAD_API_CALL PFNGLCOLORMASKPROC glad_glColorMask;
7902-      |                                  ^
7903:fatal error: too many errors emitted, stopping now [-ferror-limit=]
7904-29 warnings and 20 errors generated.
7905-[380/651] Building CXX object src/slic3r/CMakeFiles/libslic3r_gui.dir/GUI/Gizmos/GLGizmoUtils.cpp.o
7906-[381/651] Building CXX object src/slic3r/CMakeFiles/libslic3r_gui.dir/GUI/Gizmos/GLGizmoSVG.cpp.o
7907-[382/651] Building CXX object src/slic3r/CMakeFiles/libslic3r_gui.dir/GUI/GLSelectionRectangle.cpp.o
7908:FAILED: [code=1] src/slic3r/CMakeFiles/libslic3r_gui.dir/GUI/GLSelectionRectangle.cpp.o 
7909-ccache /usr/bin/c++ -DBBL_RELEASE_TO_PUBLIC=1 -DBOOST_NO_CXX98_FUNCTION_BASE -DGIT_COMMIT_HASH=\"395e070a0e\" -DLIBNEST2D_GEOMETRIES_libslic3r -DLIBNEST2D_OPTIMIZER_nlopt -DLIBNEST2D_STATIC -DLIBNEST2D_THREADING_tbb -DNDEBUG -DSLIC3R_CURRENTLY_COMPILING_GUI_MODULE -DSLIC3R_DESKTOP_INTEGRATION -DSLIC3R_GUI -DTBB_USE_CAPTURED_EXCEPTION=0 -DUNICODE -DUSE_TBB -DWXINTL_NO_GETTEXT_MACRO -D_FILE_OFFSET_BITS=64 -D_HAS_AUTO_PTR_ETC=0 -D_UNICODE -D__WXOSX_IPHONE__ -DwxDEBUG_LEVEL=0 -DwxNO_UNSAFE_WXSTRING_CONV -DwxUSE_UNICODE -I/Users/runner/work/Orca-iOS-ipa/Orca-iOS-ipa/orca/src/slic3r/Utils -I/Users/runner/work/Orca-iOS-ipa/Orca-iOS-ipa/orca/build/src/slic3r -I/Users/runner/work/Orca-iOS-ipa/Orca-iOS-ipa/orca/build/src/libslic3r -I/Users/runner/work/Orca-iOS-ipa/Orca-iOS-ipa/orca/src/libvgcode/glad/include -I/Users/runner/work/Orca-iOS-ipa/Orca-iOS-ipa/orca/src/glad/include-es -I/Users/runner/work/Orca-iOS-ipa/Orca-iOS-ipa/orca/src/glad/../libvgcode/glad/include -isystem /Users/runner/work/Orca-iOS-ipa/Orca-iOS-ipa/orca/src -isystem /Users/runner/work/Orca-iOS-ipa/Orca-iOS-ipa/orca/build/src/dev-utils/platform -isystem /Users/runner/work/Orca-iOS-ipa/Orca-iOS-ipa/orca/src/libigl -isystem /Users/runner/work/Orca-iOS-ipa/Orca-iOS-ipa/ios-prefix/usr/local/include/opencascade -isystem /Users/runner/work/Orca-iOS-ipa/Orca-iOS-ipa/ios-prefix/usr/local/include/eigen3 -isystem /Users/runner/work/Orca-iOS-ipa/Orca-iOS-ipa/orca/deps_src/admesh -isystem /Users/runner/work/Orca-iOS-ipa/Orca-iOS-ipa/orca/deps_src/admesh/.. -isystem /Users/runner/work/Orca-iOS-ipa/Orca-iOS-ipa/orca/deps_src/libigl -isystem /Users/runner/work/Orca-iOS-ipa/Orca-iOS-ipa/orca/deps_src/libnest2d/include -isystem /Users/runner/work/Orca-iOS-ipa/Orca-iOS-ipa/ios-prefix/usr/local/include -isystem /Users/runner/work/Orca-iOS-ipa/Orca-iOS-ipa/orca/deps_src/miniz -isystem /Users/runner/work/Orca-iOS-ipa/Orca-iOS-ipa/ios-prefix/usr/local/include/opencv4 -isystem /Users/runner/work/Orca-iOS-ipa/Orca-iOS-ipa/orca/deps_src/imgui -isystem /Users/runner/work/Orca-iOS-ipa/Orca-iOS-ipa/orca/deps_src/imguizmo -isystem /Users/runner/work/Orca-iOS-ipa/Orca-iOS-ipa/orca/deps_src/minilzo -isystem /Users/runner/work/Orca-iOS-ipa/Orca-iOS-ipa/orca/deps_src/hidapi/include -isystem /Users/runner/work/Orca-iOS-ipa/Orca-iOS-ipa/orca/deps_src/mdns -isystem /Users/runner/work/Orca-iOS-ipa/Orca-iOS-ipa/wx-prefix/lib/wx/include/osx_iphone-unicode-static-3.3 -isystem /Users/runner/work/Orca-iOS-ipa/Orca-iOS-ipa/wx-prefix/include/wx-3.3 -Wall -Wno-reorder -Werror=partial-availability -Werror=unguarded-availability -Werror=unguarded-availability-new -O3 -DNDEBUG -std=gnu++17 -arch arm64 -isysroot /Applications/Xcode_16.4.app/Contents/Developer/Platforms/iPhoneSimulator.platform/Developer/SDKs/iPhoneSimulator18.5.sdk -mios-simulator-version-min=17.0 -fPIC -fsigned-char -Werror=return-type -Wno-unused-function -Wno-unused-variable -Wno-unused-but-set-variable -Wno-unused-label -Wno-unused-local-typedefs -Wno-sign-compare -Wno-misleading-indentation -Wno-switch -Wno-ignored-attributes -Wno-deprecated-declarations -Wno-error=enum-constexpr-conversion -Winvalid-pch -Xclang -include-pch -Xclang /Users/runner/work/Orca-iOS-ipa/Orca-iOS-ipa/orca/build/src/slic3r/CMakeFiles/libslic3r_gui.dir/cmake_pch.hxx.pch -Xclang -include -Xclang /Users/runner/work/Orca-iOS-ipa/Orca-iOS-ipa/orca/build/src/slic3r/CMakeFiles/libslic3r_gui.dir/cmake_pch.hxx -MD -MT src/slic3r/CMakeFiles/libslic3r_gui.dir/GUI/GLSelectionRectangle.cpp.o -MF src/slic3r/CMakeFiles/libslic3r_gui.dir/GUI/GLSelectionRectangle.cpp.o.d -o src/slic3r/CMakeFiles/libslic3r_gui.dir/GUI/GLSelectionRectangle.cpp.o -c /Users/runner/work/Orca-iOS-ipa/Orca-iOS-ipa/orca/src/slic3r/GUI/GLSelectionRectangle.cpp
7910-In file included from /Users/runner/work/Orca-iOS-ipa/Orca-iOS-ipa/orca/src/slic3r/GUI/GLSelectionRectangle.cpp:5:
7911-/Users/runner/work/Orca-iOS-ipa/Orca-iOS-ipa/orca/src/slic3r/GUI/GLCanvas3D.hpp:1153:50: warning: all paths through this function will call itself [-Winfinite-recursion]
7912- 1153 |     ArrangeSettings get_arrange_settings() const {
7913-      |                                                  ^
7914-In file included from /Users/runner/work/Orca-iOS-ipa/Orca-iOS-ipa/orca/src/slic3r/GUI/GLSelectionRectangle.cpp:7:
7915-In file included from /Users/runner/work/Orca-iOS-ipa/Orca-iOS-ipa/orca/src/slic3r/GUI/Plater.hpp:20:
7916-In file included from /Users/runner/work/Orca-iOS-ipa/Orca-iOS-ipa/orca/src/slic3r/GUI/Search.hpp:22:
7917-/Users/runner/work/Orca-iOS-ipa/Orca-iOS-ipa/orca/src/slic3r/GUI/Widgets/ScrolledWindow.hpp:18:10: warning: 'ScrolledWindow::Refresh' hides overloaded virtual function [-Woverloaded-virtual]
7918-   18 |     void Refresh();
7919-      |          ^
7920-/Users/runner/work/Orca-iOS-ipa/Orca-iOS-ipa/wx-prefix/include/wx-3.3/wx/osx/window.h:79:18: note: hidden overloaded virtual function 'wxWindow::Refresh' declared here: different number of parameters (2 vs 0)
7921-   79 |     virtual void Refresh( bool eraseBackground = true,
7922-      |                  ^
7923-In file included from /Users/runner/work/Orca-iOS-ipa/Orca-iOS-ipa/orca/src/slic3r/GUI/GLSelectionRectangle.cpp:7:
7924-In file included from /Users/runner/work/Orca-iOS-ipa/Orca-iOS-ipa/orca/src/slic3r/GUI/Plater.hpp:20:
7925-In file included from /Users/runner/work/Orca-iOS-ipa/Orca-iOS-ipa/orca/src/slic3r/GUI/Search.hpp:22:
7926-/Users/runner/work/Orca-iOS-ipa/Orca-iOS-ipa/orca/src/slic3r/GUI/Widgets/ScrolledWindow.hpp:19:10: warning: 'ScrolledWindow::SetBackgroundColour' hides overloaded virtual function [-Woverloaded-virtual]
7927-   19 |     void SetBackgroundColour(wxColour color);
7928-      |          ^
7929-/Users/runner/work/Orca-iOS-ipa/Orca-iOS-ipa/wx-prefix/include/wx-3.3/wx/osx/window.h:86:18: note: hidden overloaded virtual function 'wxWindow::SetBackgroundColour' declared here: type mismatch at 1st parameter ('const wxColour &' vs 'wxColour')
7930-   86 |     virtual bool SetBackgroundColour( const wxColour &colour ) override;
7931-      |                  ^
7932-In file included from /Users/runner/work/Orca-iOS-ipa/Orca-iOS-ipa/orca/src/slic3r/GUI/GLSelectionRectangle.cpp:7:
7933-In file included from /Users/runner/work/Orca-iOS-ipa/Orca-iOS-ipa/orca/src/slic3r/GUI/Plater.hpp:20:
7934-/Users/runner/work/Orca-iOS-ipa/Orca-iOS-ipa/orca/src/slic3r/GUI/Search.hpp:220:10: warning: 'Slic3r::Search::SearchDialog::Popup' hides overloaded virtual function [-Woverloaded-virtual]
7935-  220 |     void Popup(wxPoint position = wxDefaultPosition);
7936-      |          ^
7937-/Users/runner/work/Orca-iOS-ipa/Orca-iOS-ipa/wx-prefix/include/wx-3.3/wx/popupwin.h:167:18: note: hidden overloaded virtual function 'wxPopupTransientWindow::Popup' declared here: type mismatch at 1st parameter ('wxWindow *' vs 'wxPoint')
7938-  167 |     virtual void Popup(wxWindow *focus = nullptr) override;
7939-      |                  ^
7940-In file included from /Users/runner/work/Orca-iOS-ipa/Orca-iOS-ipa/orca/src/slic3r/GUI/GLSelectionRectangle.cpp:7:
7941-In file included from /Users/runner/work/Orca-iOS-ipa/Orca-iOS-ipa/orca/src/slic3r/GUI/Plater.hpp:20:
7942-/Users/runner/work/Orca-iOS-ipa/Orca-iOS-ipa/orca/src/slic3r/GUI/Search.hpp:264:10: warning: 'Slic3r::Search::SearchObjectDialog::Popup' hides overloaded virtual function [-Woverloaded-virtual]
7943-  264 |     void Popup(wxPoint position = wxDefaultPosition);
7944-      |          ^
7945-/Users/runner/work/Orca-iOS-ipa/Orca-iOS-ipa/wx-prefix/include/wx-3.3/wx/popupwin.h:167:18: note: hidden overloaded virtual function 'wxPopupTransientWindow::Popup' declared here: type mismatch at 1st parameter ('wxWindow *' vs 'wxPoint')
7946-  167 |     virtual void Popup(wxWindow *focus = nullptr) override;
7947-      |                  ^
7948:/Users/runner/work/Orca-iOS-ipa/Orca-iOS-ipa/orca/src/slic3r/GUI/GLSelectionRectangle.cpp:84:22: error: no type named 'glPushAttrib' in the global namespace
7949-   84 |             glsafe(::glPushAttrib(GL_ENABLE_BIT));
7950-      |                    ~~^
7951-/Users/runner/work/Orca-iOS-ipa/Orca-iOS-ipa/orca/src/slic3r/GUI/3DScene.hpp:33:25: note: expanded from macro 'glsafe'
7952-   33 |     #define glsafe(cmd) cmd
7953-      |                         ^~~
7954:/Users/runner/work/Orca-iOS-ipa/Orca-iOS-ipa/orca/src/slic3r/GUI/GLSelectionRectangle.cpp:85:22: error: no member named 'glLineStipple' in the global namespace
7955-   85 |             glsafe(::glLineStipple(4, 0xAAAA));
7956-      |                    ~~^
7957-/Users/runner/work/Orca-iOS-ipa/Orca-iOS-ipa/orca/src/slic3r/GUI/3DScene.hpp:33:25: note: expanded from macro 'glsafe'
7958-   33 |     #define glsafe(cmd) cmd
7959-      |                         ^~~
7960:/Users/runner/work/Orca-iOS-ipa/Orca-iOS-ipa/orca/src/slic3r/GUI/GLSelectionRectangle.cpp:86:31: error: use of undeclared identifier 'GL_LINE_STIPPLE'
7961-   86 |             glsafe(::glEnable(GL_LINE_STIPPLE));
7962-      |                               ^
7963:/Users/runner/work/Orca-iOS-ipa/Orca-iOS-ipa/orca/src/slic3r/GUI/GLSelectionRectangle.cpp:182:22: error: no member named 'glPopAttrib' in the global namespace
7964-  182 |             glsafe(::glPopAttrib());
7965-      |                    ~~^
7966-/Users/runner/work/Orca-iOS-ipa/Orca-iOS-ipa/orca/src/slic3r/GUI/3DScene.hpp:33:25: note: expanded from macro 'glsafe'
7967-   33 |     #define glsafe(cmd) cmd
7968-      |                         ^~~
7969-5 warnings and 4 errors generated.
7970-[383/651] Building CXX object src/slic3r/CMakeFiles/libslic3r_gui.dir/GUI/GLShader.cpp.o
7971:FAILED: [code=1] src/slic3r/CMakeFiles/libslic3r_gui.dir/GUI/GLShader.cpp.o 
7972-ccache /usr/bin/c++ -DBBL_RELEASE_TO_PUBLIC=1 -DBOOST_NO_CXX98_FUNCTION_BASE -DGIT_COMMIT_HASH=\"395e070a0e\" -DLIBNEST2D_GEOMETRIES_libslic3r -DLIBNEST2D_OPTIMIZER_nlopt -DLIBNEST2D_STATIC -DLIBNEST2D_THREADING_tbb -DNDEBUG -DSLIC3R_CURRENTLY_COMPILING_GUI_MODULE -DSLIC3R_DESKTOP_INTEGRATION -DSLIC3R_GUI -DTBB_USE_CAPTURED_EXCEPTION=0 -DUNICODE -DUSE_TBB -DWXINTL_NO_GETTEXT_MACRO -D_FILE_OFFSET_BITS=64 -D_HAS_AUTO_PTR_ETC=0 -D_UNICODE -D__WXOSX_IPHONE__ -DwxDEBUG_LEVEL=0 -DwxNO_UNSAFE_WXSTRING_CONV -DwxUSE_UNICODE -I/Users/runner/work/Orca-iOS-ipa/Orca-iOS-ipa/orca/src/slic3r/Utils -I/Users/runner/work/Orca-iOS-ipa/Orca-iOS-ipa/orca/build/src/slic3r -I/Users/runner/work/Orca-iOS-ipa/Orca-iOS-ipa/orca/build/src/libslic3r -I/Users/runner/work/Orca-iOS-ipa/Orca-iOS-ipa/orca/src/libvgcode/glad/include -I/Users/runner/work/Orca-iOS-ipa/Orca-iOS-ipa/orca/src/glad/include-es -I/Users/runner/work/Orca-iOS-ipa/Orca-iOS-ipa/orca/src/glad/../libvgcode/glad/include -isystem /Users/runner/work/Orca-iOS-ipa/Orca-iOS-ipa/orca/src -isystem /Users/runner/work/Orca-iOS-ipa/Orca-iOS-ipa/orca/build/src/dev-utils/platform -isystem /Users/runner/work/Orca-iOS-ipa/Orca-iOS-ipa/orca/src/libigl -isystem /Users/runner/work/Orca-iOS-ipa/Orca-iOS-ipa/ios-prefix/usr/local/include/opencascade -isystem /Users/runner/work/Orca-iOS-ipa/Orca-iOS-ipa/ios-prefix/usr/local/include/eigen3 -isystem /Users/runner/work/Orca-iOS-ipa/Orca-iOS-ipa/orca/deps_src/admesh -isystem /Users/runner/work/Orca-iOS-ipa/Orca-iOS-ipa/orca/deps_src/admesh/.. -isystem /Users/runner/work/Orca-iOS-ipa/Orca-iOS-ipa/orca/deps_src/libigl -isystem /Users/runner/work/Orca-iOS-ipa/Orca-iOS-ipa/orca/deps_src/libnest2d/include -isystem /Users/runner/work/Orca-iOS-ipa/Orca-iOS-ipa/ios-prefix/usr/local/include -isystem /Users/runner/work/Orca-iOS-ipa/Orca-iOS-ipa/orca/deps_src/miniz -isystem /Users/runner/work/Orca-iOS-ipa/Orca-iOS-ipa/ios-prefix/usr/local/include/opencv4 -isystem /Users/runner/work/Orca-iOS-ipa/Orca-iOS-ipa/orca/deps_src/imgui -isystem /Users/runner/work/Orca-iOS-ipa/Orca-iOS-ipa/orca/deps_src/imguizmo -isystem /Users/runner/work/Orca-iOS-ipa/Orca-iOS-ipa/orca/deps_src/minilzo -isystem /Users/runner/work/Orca-iOS-ipa/Orca-iOS-ipa/orca/deps_src/hidapi/include -isystem /Users/runner/work/Orca-iOS-ipa/Orca-iOS-ipa/orca/deps_src/mdns -isystem /Users/runner/work/Orca-iOS-ipa/Orca-iOS-ipa/wx-prefix/lib/wx/include/osx_iphone-unicode-static-3.3 -isystem /Users/runner/work/Orca-iOS-ipa/Orca-iOS-ipa/wx-prefix/include/wx-3.3 -Wall -Wno-reorder -Werror=partial-availability -Werror=unguarded-availability -Werror=unguarded-availability-new -O3 -DNDEBUG -std=gnu++17 -arch arm64 -isysroot /Applications/Xcode_16.4.app/Contents/Developer/Platforms/iPhoneSimulator.platform/Developer/SDKs/iPhoneSimulator18.5.sdk -mios-simulator-version-min=17.0 -fPIC -fsigned-char -Werror=return-type -Wno-unused-function -Wno-unused-variable -Wno-unused-but-set-variable -Wno-unused-label -Wno-unused-local-typedefs -Wno-sign-compare -Wno-misleading-indentation -Wno-switch -Wno-ignored-attributes -Wno-deprecated-declarations -Wno-error=enum-constexpr-conversion -Winvalid-pch -Xclang -include-pch -Xclang /Users/runner/work/Orca-iOS-ipa/Orca-iOS-ipa/orca/build/src/slic3r/CMakeFiles/libslic3r_gui.dir/cmake_pch.hxx.pch -Xclang -include -Xclang /Users/runner/work/Orca-iOS-ipa/Orca-iOS-ipa/orca/build/src/slic3r/CMakeFiles/libslic3r_gui.dir/cmake_pch.hxx -MD -MT src/slic3r/CMakeFiles/libslic3r_gui.dir/GUI/GLShader.cpp.o -MF src/slic3r/CMakeFiles/libslic3r_gui.dir/GUI/GLShader.cpp.o.d -o src/slic3r/CMakeFiles/libslic3r_gui.dir/GUI/GLShader.cpp.o -c /Users/runner/work/Orca-iOS-ipa/Orca-iOS-ipa/orca/src/slic3r/GUI/GLShader.cpp
7973:/Users/runner/work/Orca-iOS-ipa/Orca-iOS-ipa/orca/src/slic3r/GUI/GLShader.cpp:100:67: error: use of undeclared identifier 'GL_GEOMETRY_SHADER'
7974-  100 |         case EShaderType::Geometry:       { id = ::glCreateShader(GL_GEOMETRY_SHADER); glcheck(); break; }
7975-      |                                                                   ^
7976:/Users/runner/work/Orca-iOS-ipa/Orca-iOS-ipa/orca/src/slic3r/GUI/GLShader.cpp:101:67: error: use of undeclared identifier 'GL_TESS_EVALUATION_SHADER'
7977-  101 |         case EShaderType::TessEvaluation: { id = ::glCreateShader(GL_TESS_EVALUATION_SHADER); glcheck(); break; }
7978-      |                                                                   ^
7979:/Users/runner/work/Orca-iOS-ipa/Orca-iOS-ipa/orca/src/slic3r/GUI/GLShader.cpp:102:67: error: use of undeclared identifier 'GL_TESS_CONTROL_SHADER'
7980-  102 |         case EShaderType::TessControl:    { id = ::glCreateShader(GL_TESS_CONTROL_SHADER); glcheck(); break; }
7981-      |                                                                   ^
7982:/Users/runner/work/Orca-iOS-ipa/Orca-iOS-ipa/orca/src/slic3r/GUI/GLShader.cpp:103:67: error: use of undeclared identifier 'GL_COMPUTE_SHADER'
7983-  103 |         case EShaderType::Compute:        { id = ::glCreateShader(GL_COMPUTE_SHADER); glcheck(); break; }
7984-      |                                                                   ^
7985-4 errors generated.
7986-[384/651] Building CXX object src/slic3r/CMakeFiles/libslic3r_gui.dir/GUI/GLShadersManager.cpp.o
7987-[385/651] Building CXX object src/slic3r/CMakeFiles/libslic3r_gui.dir/GUI/GLModel.cpp.o
7988-[386/651] Building CXX object src/slic3r/CMakeFiles/libslic3r_gui.dir/GUI/GuiColor.cpp.o
7989-[387/651] Building CXX object src/slic3r/CMakeFiles/libslic3r_gui.dir/GUI/GLTexture.cpp.o
7990:FAILED: [code=1] src/slic3r/CMakeFiles/libslic3r_gui.dir/GUI/GLTexture.cpp.o 
7991-ccache /usr/bin/c++ -DBBL_RELEASE_TO_PUBLIC=1 -DBOOST_NO_CXX98_FUNCTION_BASE -DGIT_COMMIT_HASH=\"395e070a0e\" -DLIBNEST2D_GEOMETRIES_libslic3r -DLIBNEST2D_OPTIMIZER_nlopt -DLIBNEST2D_STATIC -DLIBNEST2D_THREADING_tbb -DNDEBUG -DSLIC3R_CURRENTLY_COMPILING_GUI_MODULE -DSLIC3R_DESKTOP_INTEGRATION -DSLIC3R_GUI -DTBB_USE_CAPTURED_EXCEPTION=0 -DUNICODE -DUSE_TBB -DWXINTL_NO_GETTEXT_MACRO -D_FILE_OFFSET_BITS=64 -D_HAS_AUTO_PTR_ETC=0 -D_UNICODE -D__WXOSX_IPHONE__ -DwxDEBUG_LEVEL=0 -DwxNO_UNSAFE_WXSTRING_CONV -DwxUSE_UNICODE -I/Users/runner/work/Orca-iOS-ipa/Orca-iOS-ipa/orca/src/slic3r/Utils -I/Users/runner/work/Orca-iOS-ipa/Orca-iOS-ipa/orca/build/src/slic3r -I/Users/runner/work/Orca-iOS-ipa/Orca-iOS-ipa/orca/build/src/libslic3r -I/Users/runner/work/Orca-iOS-ipa/Orca-iOS-ipa/orca/src/libvgcode/glad/include -I/Users/runner/work/Orca-iOS-ipa/Orca-iOS-ipa/orca/src/glad/include-es -I/Users/runner/work/Orca-iOS-ipa/Orca-iOS-ipa/orca/src/glad/../libvgcode/glad/include -isystem /Users/runner/work/Orca-iOS-ipa/Orca-iOS-ipa/orca/src -isystem /Users/runner/work/Orca-iOS-ipa/Orca-iOS-ipa/orca/build/src/dev-utils/platform -isystem /Users/runner/work/Orca-iOS-ipa/Orca-iOS-ipa/orca/src/libigl -isystem /Users/runner/work/Orca-iOS-ipa/Orca-iOS-ipa/ios-prefix/usr/local/include/opencascade -isystem /Users/runner/work/Orca-iOS-ipa/Orca-iOS-ipa/ios-prefix/usr/local/include/eigen3 -isystem /Users/runner/work/Orca-iOS-ipa/Orca-iOS-ipa/orca/deps_src/admesh -isystem /Users/runner/work/Orca-iOS-ipa/Orca-iOS-ipa/orca/deps_src/admesh/.. -isystem /Users/runner/work/Orca-iOS-ipa/Orca-iOS-ipa/orca/deps_src/libigl -isystem /Users/runner/work/Orca-iOS-ipa/Orca-iOS-ipa/orca/deps_src/libnest2d/include -isystem /Users/runner/work/Orca-iOS-ipa/Orca-iOS-ipa/ios-prefix/usr/local/include -isystem /Users/runner/work/Orca-iOS-ipa/Orca-iOS-ipa/orca/deps_src/miniz -isystem /Users/runner/work/Orca-iOS-ipa/Orca-iOS-ipa/ios-prefix/usr/local/include/opencv4 -isystem /Users/runner/work/Orca-iOS-ipa/Orca-iOS-ipa/orca/deps_src/imgui -isystem /Users/runner/work/Orca-iOS-ipa/Orca-iOS-ipa/orca/deps_src/imguizmo -isystem /Users/runner/work/Orca-iOS-ipa/Orca-iOS-ipa/orca/deps_src/minilzo -isystem /Users/runner/work/Orca-iOS-ipa/Orca-iOS-ipa/orca/deps_src/hidapi/include -isystem /Users/runner/work/Orca-iOS-ipa/Orca-iOS-ipa/orca/deps_src/mdns -isystem /Users/runner/work/Orca-iOS-ipa/Orca-iOS-ipa/wx-prefix/lib/wx/include/osx_iphone-unicode-static-3.3 -isystem /Users/runner/work/Orca-iOS-ipa/Orca-iOS-ipa/wx-prefix/include/wx-3.3 -Wall -Wno-reorder -Werror=partial-availability -Werror=unguarded-availability -Werror=unguarded-availability-new -O3 -DNDEBUG -std=gnu++17 -arch arm64 -isysroot /Applications/Xcode_16.4.app/Contents/Developer/Platforms/iPhoneSimulator.platform/Developer/SDKs/iPhoneSimulator18.5.sdk -mios-simulator-version-min=17.0 -fPIC -fsigned-char -Werror=return-type -Wno-unused-function -Wno-unused-variable -Wno-unused-but-set-variable -Wno-unused-label -Wno-unused-local-typedefs -Wno-sign-compare -Wno-misleading-indentation -Wno-switch -Wno-ignored-attributes -Wno-deprecated-declarations -Wno-error=enum-constexpr-conversion -Winvalid-pch -Xclang -include-pch -Xclang /Users/runner/work/Orca-iOS-ipa/Orca-iOS-ipa/orca/build/src/slic3r/CMakeFiles/libslic3r_gui.dir/cmake_pch.hxx.pch -Xclang -include -Xclang /Users/runner/work/Orca-iOS-ipa/Orca-iOS-ipa/orca/build/src/slic3r/CMakeFiles/libslic3r_gui.dir/cmake_pch.hxx -MD -MT src/slic3r/CMakeFiles/libslic3r_gui.dir/GUI/GLTexture.cpp.o -MF src/slic3r/CMakeFiles/libslic3r_gui.dir/GUI/GLTexture.cpp.o.d -o src/slic3r/CMakeFiles/libslic3r_gui.dir/GUI/GLTexture.cpp.o -c /Users/runner/work/Orca-iOS-ipa/Orca-iOS-ipa/orca/src/slic3r/GUI/GLTexture.cpp
7992:/Users/runner/work/Orca-iOS-ipa/Orca-iOS-ipa/orca/src/slic3r/GUI/GLTexture.cpp:89:115: error: use of undeclared identifier 'GL_COMPRESSED_RGBA_S3TC_DXT5_EXT'
7993-   89 |             glsafe(::glCompressedTexSubImage2D(GL_TEXTURE_2D, (GLint)i, 0, 0, (GLsizei)level.w, (GLsizei)level.h, GL_COMPRESSED_RGBA_S3TC_DXT5_EXT, (GLsizei)level.compressed_data.size(), (const GLvoid*)level.compressed_data.data()));
7994-      |                                                                                                                   ^
7995:/Users/runner/work/Orca-iOS-ipa/Orca-iOS-ipa/orca/src/slic3r/GUI/GLTexture.cpp:192:53: error: use of undeclared identifier 'GL_TEXTURE_MAX_ANISOTROPY_EXT'
7996-  192 |             glsafe(::glTexParameterf(GL_TEXTURE_2D, GL_TEXTURE_MAX_ANISOTROPY_EXT, max_anisotropy));
7997-      |                                                     ^
7998:/Users/runner/work/Orca-iOS-ipa/Orca-iOS-ipa/orca/src/slic3r/GUI/GLTexture.cpp:429:49: error: use of undeclared identifier 'GL_COMPRESSED_RGBA_S3TC_DXT5_EXT'
7999-  429 |         glsafe(::glTexImage2D(GL_TEXTURE_2D, 0, GL_COMPRESSED_RGBA_S3TC_DXT5_EXT, (GLsizei)m_width, (GLsizei)m_height, 0, GL_RGBA, GL_UNSIGNED_BYTE, (const void*)data.data()));
8000-      |                                                 ^
8001:/Users/runner/work/Orca-iOS-ipa/Orca-iOS-ipa/orca/src/slic3r/GUI/GLTexture.cpp:546:49: error: use of undeclared identifier 'GL_COMPRESSED_RGBA_S3TC_DXT5_EXT'
8002-  546 |         glsafe(::glTexImage2D(GL_TEXTURE_2D, 0, GL_COMPRESSED_RGBA_S3TC_DXT5_EXT, (GLsizei)m_width, (GLsizei)m_height, 0, GL_RGBA, GL_UNSIGNED_BYTE, (const void*)data.data()));
8003-      |                                                 ^
8004:/Users/runner/work/Orca-iOS-ipa/Orca-iOS-ipa/orca/src/slic3r/GUI/GLTexture.cpp:647:49: error: use of undeclared identifier 'GL_COMPRESSED_RGBA_S3TC_DXT5_EXT'
8005-  647 |         glsafe(::glTexImage2D(GL_TEXTURE_2D, 0, GL_COMPRESSED_RGBA_S3TC_DXT5_EXT, (GLsizei)m_width, (GLsizei)m_height, 0, GL_RGBA, GL_UNSIGNED_BYTE, (const void*)data.data()));
8006-      |                                                 ^
8007:/Users/runner/work/Orca-iOS-ipa/Orca-iOS-ipa/orca/src/slic3r/GUI/GLTexture.cpp:671:14: error: no member named 'glTexEnvi' in the global namespace
8008-  671 |     glsafe(::glTexEnvi(GL_TEXTURE_ENV, GL_TEXTURE_ENV_MODE, GL_REPLACE));
8009-      |            ~~^
8010-/Users/runner/work/Orca-iOS-ipa/Orca-iOS-ipa/orca/src/slic3r/GUI/3DScene.hpp:33:25: note: expanded from macro 'glsafe'
8011-   33 |     #define glsafe(cmd) cmd
8012-      |                         ^~~
8013:/Users/runner/work/Orca-iOS-ipa/Orca-iOS-ipa/orca/src/slic3r/GUI/GLTexture.cpp:671:24: error: use of undeclared identifier 'GL_TEXTURE_ENV'
8014-  671 |     glsafe(::glTexEnvi(GL_TEXTURE_ENV, GL_TEXTURE_ENV_MODE, GL_REPLACE));
8015-      |                        ^
8016:/Users/runner/work/Orca-iOS-ipa/Orca-iOS-ipa/orca/src/slic3r/GUI/GLTexture.cpp:671:40: error: use of undeclared identifier 'GL_TEXTURE_ENV_MODE'
8017-  671 |     glsafe(::glTexEnvi(GL_TEXTURE_ENV, GL_TEXTURE_ENV_MODE, GL_REPLACE));
8018-      |                                        ^
8019:/Users/runner/work/Orca-iOS-ipa/Orca-iOS-ipa/orca/src/slic3r/GUI/GLTexture.cpp:801:53: error: use of undeclared identifier 'GL_TEXTURE_MAX_ANISOTROPY_EXT'
8020-  801 |             glsafe(::glTexParameterf(GL_TEXTURE_2D, GL_TEXTURE_MAX_ANISOTROPY_EXT, max_anisotropy));
8021-      |                                                     ^
8022:/Users/runner/work/Orca-iOS-ipa/Orca-iOS-ipa/orca/src/slic3r/GUI/GLTexture.cpp:806:53: error: use of undeclared identifier 'GL_COMPRESSED_RGBA_S3TC_DXT5_EXT'
8023-  806 |             glsafe(::glTexImage2D(GL_TEXTURE_2D, 0, GL_COMPRESSED_RGBA_S3TC_DXT5_EXT, (GLsizei)m_width, (GLsizei)m_height, 0, GL_RGBA, GL_UNSIGNED_BYTE, (const void*)data.data()));
8024-      |                                                     ^
8025:/Users/runner/work/Orca-iOS-ipa/Orca-iOS-ipa/orca/src/slic3r/GUI/GLTexture.cpp:809:53: error: use of undeclared identifier 'GL_COMPRESSED_RGBA_S3TC_DXT5_EXT'
8026-  809 |             glsafe(::glTexImage2D(GL_TEXTURE_2D, 0, GL_COMPRESSED_RGBA_S3TC_DXT5_EXT, (GLsizei)m_width, (GLsizei)m_height, 0, GL_RGBA, GL_UNSIGNED_BYTE, 0));
8027-      |                                                     ^
8028:/Users/runner/work/Orca-iOS-ipa/Orca-iOS-ipa/orca/src/slic3r/GUI/GLTexture.cpp:847:65: error: use of undeclared identifier 'GL_COMPRESSED_RGBA_S3TC_DXT5_EXT'
8029-  847 |                     glsafe(::glTexImage2D(GL_TEXTURE_2D, level, GL_COMPRESSED_RGBA_S3TC_DXT5_EXT, (GLsizei)m_width, (GLsizei)m_height, 0, GL_RGBA, GL_UNSIGNED_BYTE, (const void*)data.data()));
8030-      |                                                                 ^
8031:/Users/runner/work/Orca-iOS-ipa/Orca-iOS-ipa/orca/src/slic3r/GUI/GLTexture.cpp:850:65: error: use of undeclared identifier 'GL_COMPRESSED_RGBA_S3TC_DXT5_EXT'
8032-  850 |                     glsafe(::glTexImage2D(GL_TEXTURE_2D, level, GL_COMPRESSED_RGBA_S3TC_DXT5_EXT, (GLsizei)lod_w, (GLsizei)lod_h, 0, GL_RGBA, GL_UNSIGNED_BYTE, 0));
8033-      |                                                                 ^
8034:/Users/runner/work/Orca-iOS-ipa/Orca-iOS-ipa/orca/src/slic3r/GUI/GLTexture.cpp:942:53: error: use of undeclared identifier 'GL_TEXTURE_MAX_ANISOTROPY_EXT'
8035-  942 |             glsafe(::glTexParameterf(GL_TEXTURE_2D, GL_TEXTURE_MAX_ANISOTROPY_EXT, max_anisotropy));
8036-      |                                                     ^
8037:/Users/runner/work/Orca-iOS-ipa/Orca-iOS-ipa/orca/src/slic3r/GUI/GLTexture.cpp:947:49: error: use of undeclared identifier 'GL_COMPRESSED_RGBA_S3TC_DXT5_EXT'
8038-  947 |         glsafe(::glTexImage2D(GL_TEXTURE_2D, 0, GL_COMPRESSED_RGBA_S3TC_DXT5_EXT, (GLsizei)m_width, (GLsizei)m_height, 0, GL_RGBA, GL_UNSIGNED_BYTE, 0));
8039-      |                                                 ^
8040:/Users/runner/work/Orca-iOS-ipa/Orca-iOS-ipa/orca/src/slic3r/GUI/GLTexture.cpp:972:61: error: use of undeclared identifier 'GL_COMPRESSED_RGBA_S3TC_DXT5_EXT'
8041-  972 |                 glsafe(::glTexImage2D(GL_TEXTURE_2D, level, GL_COMPRESSED_RGBA_S3TC_DXT5_EXT, (GLsizei)lod_w, (GLsizei)lod_h, 0, GL_RGBA, GL_UNSIGNED_BYTE, 0));
8042-      |                                                             ^
8043-16 errors generated.
8044-[388/651] Building CXX object src/slic3r/CMakeFiles/libslic3r_gui.dir/GUI/GLToolbar.cpp.o
8045-In file included from /Users/runner/work/Orca-iOS-ipa/Orca-iOS-ipa/orca/src/slic3r/GUI/GLToolbar.cpp:4:
8046-/Users/runner/work/Orca-iOS-ipa/Orca-iOS-ipa/orca/src/slic3r/GUI/GLToolbar.hpp:330:18: warning: private field 'm_images_texture_dirty' is not used [-Wunused-private-field]
8047-  330 |     mutable bool m_images_texture_dirty;
8048-      |                  ^
8049-1 warning generated.
8050-[389/651] Building CXX object src/slic3r/CMakeFiles/libslic3r_gui.dir/GUI/GUI_Colors.cpp.o
8051-[390/651] Building CXX object src/slic3r/CMakeFiles/libslic3r_gui.dir/GUI/ImageDPIFrame.cpp.o
8052-In file included from /Users/runner/work/Orca-iOS-ipa/Orca-iOS-ipa/orca/src/slic3r/GUI/ImageDPIFrame.cpp:8:
8053-In file included from /Users/runner/work/Orca-iOS-ipa/Orca-iOS-ipa/orca/src/slic3r/GUI/Tab.hpp:35:
8054-In file included from /Users/runner/work/Orca-iOS-ipa/Orca-iOS-ipa/orca/src/slic3r/GUI/ConfigManipulation.hpp:12:
8055-/Users/runner/work/Orca-iOS-ipa/Orca-iOS-ipa/orca/src/slic3r/GUI/Field.hpp:385:18: warning: 'propagate_value' overrides a member function but is not marked 'override' [-Winconsistent-missing-override]
8056-  385 |     void                propagate_value() ;
8057-      |                         ^
8058-/Users/runner/work/Orca-iOS-ipa/Orca-iOS-ipa/orca/src/slic3r/GUI/Field.hpp:193:18: note: overridden virtual function is here
8059-  193 |     virtual void propagate_value(){}
8060-      |                  ^
8061-/Users/runner/work/Orca-iOS-ipa/Orca-iOS-ipa/orca/src/slic3r/GUI/Field.hpp:440:9: warning: 'propagate_value' overrides a member function but is not marked 'override' [-Winconsistent-missing-override]
8062-  440 |         void                    propagate_value();
8063-      |                                 ^
8064-/Users/runner/work/Orca-iOS-ipa/Orca-iOS-ipa/orca/src/slic3r/GUI/Field.hpp:193:18: note: overridden virtual function is here
8065-  193 |     virtual void propagate_value(){}
8066-      |                  ^
8067-/Users/runner/work/Orca-iOS-ipa/Orca-iOS-ipa/orca/src/slic3r/GUI/Field.hpp:522:21: warning: 'Slic3r::GUI::PointCtrl::propagate_value' hides overloaded virtual function [-Woverloaded-virtual]
8068-  522 |     void            propagate_value(wxTextCtrl* win);
8069-      |                     ^
8070-/Users/runner/work/Orca-iOS-ipa/Orca-iOS-ipa/orca/src/slic3r/GUI/Field.hpp:193:18: note: hidden overloaded virtual function 'Slic3r::GUI::Field::propagate_value' declared here: different number of parameters (0 vs 1)
8071-  193 |     virtual void propagate_value(){}
8072-      |                  ^
8073-In file included from /Users/runner/work/Orca-iOS-ipa/Orca-iOS-ipa/orca/src/slic3r/GUI/ImageDPIFrame.cpp:8:
8074-In file included from /Users/runner/work/Orca-iOS-ipa/Orca-iOS-ipa/orca/src/slic3r/GUI/Tab.hpp:39:
8075-/Users/runner/work/Orca-iOS-ipa/Orca-iOS-ipa/orca/src/slic3r/GUI/Notebook.hpp:139:10: warning: 'Notebook::AddPage' hides overloaded virtual function [-Woverloaded-virtual]
8076-  139 |     bool AddPage(wxWindow* page,
8077-      |          ^
8078-/Users/runner/work/Orca-iOS-ipa/Orca-iOS-ipa/wx-prefix/include/wx-3.3/wx/bookctrl.h:177:18: note: hidden overloaded virtual function 'wxBookCtrlBase::AddPage' declared here: different number of parameters (4 vs 5)
8079-  177 |     virtual bool AddPage(wxWindow *page,
8080-      |                  ^
8081-In file included from /Users/runner/work/Orca-iOS-ipa/Orca-iOS-ipa/orca/src/slic3r/GUI/ImageDPIFrame.cpp:8:
8082-/Users/runner/work/Orca-iOS-ipa/Orca-iOS-ipa/orca/src/slic3r/GUI/Tab.hpp:516:18: warning: 'activate_selected_page' overrides a member function but is not marked 'override' [-Winconsistent-missing-override]
8083-  516 |         virtual void    activate_selected_page(std::function<void()> throw_if_canceled);
8084-      |                         ^
8085-/Users/runner/work/Orca-iOS-ipa/Orca-iOS-ipa/orca/src/slic3r/GUI/Tab.hpp:350:21: note: overridden virtual function is here
8086-  350 |     virtual void    activate_selected_page(std::function<void()> throw_if_canceled);
8087-      |                     ^
8088-/Users/runner/work/Orca-iOS-ipa/Orca-iOS-ipa/orca/src/slic3r/GUI/Tab.hpp:522:15: warning: 'reload_config' overrides a member function but is not marked 'override' [-Winconsistent-missing-override]
8089-  522 |         virtual void    reload_config();
8090-      |                         ^
8091-/Users/runner/work/Orca-iOS-ipa/Orca-iOS-ipa/orca/src/slic3r/GUI/Tab.hpp:484:8: note: overridden virtual function is here
8092-  484 |         void            reload_config() override;
8093-      |                         ^
8094-In file included from /Users/runner/work/Orca-iOS-ipa/Orca-iOS-ipa/orca/src/slic3r/GUI/ImageDPIFrame.cpp:9:
8095-In file included from /Users/runner/work/Orca-iOS-ipa/Orca-iOS-ipa/orca/src/slic3r/GUI/PartPlate.hpp:15:
8096-In file included from /Users/runner/work/Orca-iOS-ipa/Orca-iOS-ipa/orca/src/slic3r/GUI/Plater.hpp:20:
8097-In file included from /Users/runner/work/Orca-iOS-ipa/Orca-iOS-ipa/orca/src/slic3r/GUI/Search.hpp:22:
8098-/Users/runner/work/Orca-iOS-ipa/Orca-iOS-ipa/orca/src/slic3r/GUI/Widgets/ScrolledWindow.hpp:18:10: warning: 'ScrolledWindow::Refresh' hides overloaded virtual function [-Woverloaded-virtual]
8099-   18 |     void Refresh();
8100-      |          ^
--
10155-      |                                                  ^
10156-12 warnings generated.
10157-[416/651] Building CXX object src/slic3r/CMakeFiles/libslic3r_gui.dir/GUI/ImGuiWrapper.cpp.o
10158:FAILED: [code=1] src/slic3r/CMakeFiles/libslic3r_gui.dir/GUI/ImGuiWrapper.cpp.o 
10159-ccache /usr/bin/c++ -DBBL_RELEASE_TO_PUBLIC=1 -DBOOST_NO_CXX98_FUNCTION_BASE -DGIT_COMMIT_HASH=\"395e070a0e\" -DLIBNEST2D_GEOMETRIES_libslic3r -DLIBNEST2D_OPTIMIZER_nlopt -DLIBNEST2D_STATIC -DLIBNEST2D_THREADING_tbb -DNDEBUG -DSLIC3R_CURRENTLY_COMPILING_GUI_MODULE -DSLIC3R_DESKTOP_INTEGRATION -DSLIC3R_GUI -DTBB_USE_CAPTURED_EXCEPTION=0 -DUNICODE -DUSE_TBB -DWXINTL_NO_GETTEXT_MACRO -D_FILE_OFFSET_BITS=64 -D_HAS_AUTO_PTR_ETC=0 -D_UNICODE -D__WXOSX_IPHONE__ -DwxDEBUG_LEVEL=0 -DwxNO_UNSAFE_WXSTRING_CONV -DwxUSE_UNICODE -I/Users/runner/work/Orca-iOS-ipa/Orca-iOS-ipa/orca/src/slic3r/Utils -I/Users/runner/work/Orca-iOS-ipa/Orca-iOS-ipa/orca/build/src/slic3r -I/Users/runner/work/Orca-iOS-ipa/Orca-iOS-ipa/orca/build/src/libslic3r -I/Users/runner/work/Orca-iOS-ipa/Orca-iOS-ipa/orca/src/libvgcode/glad/include -I/Users/runner/work/Orca-iOS-ipa/Orca-iOS-ipa/orca/src/glad/include-es -I/Users/runner/work/Orca-iOS-ipa/Orca-iOS-ipa/orca/src/glad/../libvgcode/glad/include -isystem /Users/runner/work/Orca-iOS-ipa/Orca-iOS-ipa/orca/src -isystem /Users/runner/work/Orca-iOS-ipa/Orca-iOS-ipa/orca/build/src/dev-utils/platform -isystem /Users/runner/work/Orca-iOS-ipa/Orca-iOS-ipa/orca/src/libigl -isystem /Users/runner/work/Orca-iOS-ipa/Orca-iOS-ipa/ios-prefix/usr/local/include/opencascade -isystem /Users/runner/work/Orca-iOS-ipa/Orca-iOS-ipa/ios-prefix/usr/local/include/eigen3 -isystem /Users/runner/work/Orca-iOS-ipa/Orca-iOS-ipa/orca/deps_src/admesh -isystem /Users/runner/work/Orca-iOS-ipa/Orca-iOS-ipa/orca/deps_src/admesh/.. -isystem /Users/runner/work/Orca-iOS-ipa/Orca-iOS-ipa/orca/deps_src/libigl -isystem /Users/runner/work/Orca-iOS-ipa/Orca-iOS-ipa/orca/deps_src/libnest2d/include -isystem /Users/runner/work/Orca-iOS-ipa/Orca-iOS-ipa/ios-prefix/usr/local/include -isystem /Users/runner/work/Orca-iOS-ipa/Orca-iOS-ipa/orca/deps_src/miniz -isystem /Users/runner/work/Orca-iOS-ipa/Orca-iOS-ipa/ios-prefix/usr/local/include/opencv4 -isystem /Users/runner/work/Orca-iOS-ipa/Orca-iOS-ipa/orca/deps_src/imgui -isystem /Users/runner/work/Orca-iOS-ipa/Orca-iOS-ipa/orca/deps_src/imguizmo -isystem /Users/runner/work/Orca-iOS-ipa/Orca-iOS-ipa/orca/deps_src/minilzo -isystem /Users/runner/work/Orca-iOS-ipa/Orca-iOS-ipa/orca/deps_src/hidapi/include -isystem /Users/runner/work/Orca-iOS-ipa/Orca-iOS-ipa/orca/deps_src/mdns -isystem /Users/runner/work/Orca-iOS-ipa/Orca-iOS-ipa/wx-prefix/lib/wx/include/osx_iphone-unicode-static-3.3 -isystem /Users/runner/work/Orca-iOS-ipa/Orca-iOS-ipa/wx-prefix/include/wx-3.3 -Wall -Wno-reorder -Werror=partial-availability -Werror=unguarded-availability -Werror=unguarded-availability-new -O3 -DNDEBUG -std=gnu++17 -arch arm64 -isysroot /Applications/Xcode_16.4.app/Contents/Developer/Platforms/iPhoneSimulator.platform/Developer/SDKs/iPhoneSimulator18.5.sdk -mios-simulator-version-min=17.0 -fPIC -fsigned-char -Werror=return-type -Wno-unused-function -Wno-unused-variable -Wno-unused-but-set-variable -Wno-unused-label -Wno-unused-local-typedefs -Wno-sign-compare -Wno-misleading-indentation -Wno-switch -Wno-ignored-attributes -Wno-deprecated-declarations -Wno-error=enum-constexpr-conversion -Winvalid-pch -Xclang -include-pch -Xclang /Users/runner/work/Orca-iOS-ipa/Orca-iOS-ipa/orca/build/src/slic3r/CMakeFiles/libslic3r_gui.dir/cmake_pch.hxx.pch -Xclang -include -Xclang /Users/runner/work/Orca-iOS-ipa/Orca-iOS-ipa/orca/build/src/slic3r/CMakeFiles/libslic3r_gui.dir/cmake_pch.hxx -MD -MT src/slic3r/CMakeFiles/libslic3r_gui.dir/GUI/ImGuiWrapper.cpp.o -MF src/slic3r/CMakeFiles/libslic3r_gui.dir/GUI/ImGuiWrapper.cpp.o.d -o src/slic3r/CMakeFiles/libslic3r_gui.dir/GUI/ImGuiWrapper.cpp.o -c /Users/runner/work/Orca-iOS-ipa/Orca-iOS-ipa/orca/src/slic3r/GUI/ImGuiWrapper.cpp
10160-In file included from /Users/runner/work/Orca-iOS-ipa/Orca-iOS-ipa/orca/src/slic3r/GUI/ImGuiWrapper.cpp:37:
10161-In file included from /Users/runner/work/Orca-iOS-ipa/Orca-iOS-ipa/orca/src/slic3r/GUI/Search.hpp:22:
10162-/Users/runner/work/Orca-iOS-ipa/Orca-iOS-ipa/orca/src/slic3r/GUI/Widgets/ScrolledWindow.hpp:18:10: warning: 'ScrolledWindow::Refresh' hides overloaded virtual function [-Woverloaded-virtual]
10163-   18 |     void Refresh();
10164-      |          ^
10165-/Users/runner/work/Orca-iOS-ipa/Orca-iOS-ipa/wx-prefix/include/wx-3.3/wx/osx/window.h:79:18: note: hidden overloaded virtual function 'wxWindow::Refresh' declared here: different number of parameters (2 vs 0)
10166-   79 |     virtual void Refresh( bool eraseBackground = true,
10167-      |                  ^
10168-In file included from /Users/runner/work/Orca-iOS-ipa/Orca-iOS-ipa/orca/src/slic3r/GUI/ImGuiWrapper.cpp:37:
10169-In file included from /Users/runner/work/Orca-iOS-ipa/Orca-iOS-ipa/orca/src/slic3r/GUI/Search.hpp:22:
10170-/Users/runner/work/Orca-iOS-ipa/Orca-iOS-ipa/orca/src/slic3r/GUI/Widgets/ScrolledWindow.hpp:19:10: warning: 'ScrolledWindow::SetBackgroundColour' hides overloaded virtual function [-Woverloaded-virtual]
10171-   19 |     void SetBackgroundColour(wxColour color);
10172-      |          ^
10173-/Users/runner/work/Orca-iOS-ipa/Orca-iOS-ipa/wx-prefix/include/wx-3.3/wx/osx/window.h:86:18: note: hidden overloaded virtual function 'wxWindow::SetBackgroundColour' declared here: type mismatch at 1st parameter ('const wxColour &' vs 'wxColour')
10174-   86 |     virtual bool SetBackgroundColour( const wxColour &colour ) override;
10175-      |                  ^
10176-In file included from /Users/runner/work/Orca-iOS-ipa/Orca-iOS-ipa/orca/src/slic3r/GUI/ImGuiWrapper.cpp:37:
10177-In file included from /Users/runner/work/Orca-iOS-ipa/Orca-iOS-ipa/orca/src/slic3r/GUI/Search.hpp:23:
10178-/Users/runner/work/Orca-iOS-ipa/Orca-iOS-ipa/orca/src/slic3r/GUI/Widgets/TextInput.hpp:46:10: warning: 'SetLabel' overrides a member function but is not marked 'override' [-Winconsistent-missing-override]
10179-   46 |     void SetLabel(const wxString& label);
10180-      |          ^
10181-/Users/runner/work/Orca-iOS-ipa/Orca-iOS-ipa/wx-prefix/include/wx-3.3/wx/osx/window.h:56:18: note: overridden virtual function is here
10182-   56 |     virtual void SetLabel( const wxString& label ) override;
10183-      |                  ^
10184-In file included from /Users/runner/work/Orca-iOS-ipa/Orca-iOS-ipa/orca/src/slic3r/GUI/ImGuiWrapper.cpp:37:
10185-In file included from /Users/runner/work/Orca-iOS-ipa/Orca-iOS-ipa/orca/src/slic3r/GUI/Search.hpp:23:
10186-/Users/runner/work/Orca-iOS-ipa/Orca-iOS-ipa/orca/src/slic3r/GUI/Widgets/TextInput.hpp:72:18: warning: 'DoSetSize' overrides a member function but is not marked 'override' [-Winconsistent-missing-override]
10187-   72 |     virtual void DoSetSize(
10188-      |                  ^
10189-/Users/runner/work/Orca-iOS-ipa/Orca-iOS-ipa/wx-prefix/include/wx-3.3/wx/osx/window.h:379:18: note: overridden virtual function is here
10190-  379 |     virtual void DoSetSize(int x, int y,
10191-      |                  ^
10192-In file included from /Users/runner/work/Orca-iOS-ipa/Orca-iOS-ipa/orca/src/slic3r/GUI/ImGuiWrapper.cpp:37:
10193-In file included from /Users/runner/work/Orca-iOS-ipa/Orca-iOS-ipa/orca/src/slic3r/GUI/Search.hpp:23:
10194-/Users/runner/work/Orca-iOS-ipa/Orca-iOS-ipa/orca/src/slic3r/GUI/Widgets/TextInput.hpp:75:10: warning: 'DoSetToolTipText' overrides a member function but is not marked 'override' [-Winconsistent-missing-override]
10195-   75 |     void DoSetToolTipText(wxString const &tip);
10196-      |          ^
10197-/Users/runner/work/Orca-iOS-ipa/Orca-iOS-ipa/wx-prefix/include/wx-3.3/wx/window.h:2005:18: note: overridden virtual function is here
10198- 2005 |     virtual void DoSetToolTipText( const wxString &tip );
10199-      |                  ^
10200-In file included from /Users/runner/work/Orca-iOS-ipa/Orca-iOS-ipa/orca/src/slic3r/GUI/ImGuiWrapper.cpp:37:
10201-/Users/runner/work/Orca-iOS-ipa/Orca-iOS-ipa/orca/src/slic3r/GUI/Search.hpp:220:10: warning: 'Slic3r::Search::SearchDialog::Popup' hides overloaded virtual function [-Woverloaded-virtual]
10202-  220 |     void Popup(wxPoint position = wxDefaultPosition);
10203-      |          ^
10204-/Users/runner/work/Orca-iOS-ipa/Orca-iOS-ipa/wx-prefix/include/wx-3.3/wx/popupwin.h:167:18: note: hidden overloaded virtual function 'wxPopupTransientWindow::Popup' declared here: type mismatch at 1st parameter ('wxWindow *' vs 'wxPoint')
10205-  167 |     virtual void Popup(wxWindow *focus = nullptr) override;
10206-      |                  ^
10207-In file included from /Users/runner/work/Orca-iOS-ipa/Orca-iOS-ipa/orca/src/slic3r/GUI/ImGuiWrapper.cpp:37:
10208-/Users/runner/work/Orca-iOS-ipa/Orca-iOS-ipa/orca/src/slic3r/GUI/Search.hpp:264:10: warning: 'Slic3r::Search::SearchObjectDialog::Popup' hides overloaded virtual function [-Woverloaded-virtual]
10209-  264 |     void Popup(wxPoint position = wxDefaultPosition);
10210-      |          ^
10211-/Users/runner/work/Orca-iOS-ipa/Orca-iOS-ipa/wx-prefix/include/wx-3.3/wx/popupwin.h:167:18: note: hidden overloaded virtual function 'wxPopupTransientWindow::Popup' declared here: type mismatch at 1st parameter ('wxWindow *' vs 'wxPoint')
10212-  167 |     virtual void Popup(wxWindow *focus = nullptr) override;
10213-      |                  ^
10214:/Users/runner/work/Orca-iOS-ipa/Orca-iOS-ipa/orca/src/slic3r/GUI/ImGuiWrapper.cpp:2903:49: error: use of undeclared identifier 'GL_COMPRESSED_RGBA_S3TC_DXT5_EXT'
10215- 2903 |         glsafe(::glTexImage2D(GL_TEXTURE_2D, 0, GL_COMPRESSED_RGBA_S3TC_DXT5_EXT, width, height, 0, GL_RGBA, GL_UNSIGNED_BYTE, pixels));
10216-      |                                                 ^
10217-7 warnings and 1 error generated.
10218-[417/651] Building CXX object src/slic3r/CMakeFiles/libslic3r_gui.dir/GUI/FilamentBitmapUtils.cpp.o
10219-[418/651] Building CXX object src/slic3r/CMakeFiles/libslic3r_gui.dir/GUI/FilamentPickerDialog.cpp.o
10220-In file included from /Users/runner/work/Orca-iOS-ipa/Orca-iOS-ipa/orca/src/slic3r/GUI/FilamentPickerDialog.cpp:5:
10221-In file included from /Users/runner/work/Orca-iOS-ipa/Orca-iOS-ipa/orca/src/slic3r/GUI/MainFrame.hpp:21:
10222-In file included from /Users/runner/work/Orca-iOS-ipa/Orca-iOS-ipa/orca/src/slic3r/GUI/Monitor.hpp:4:
10223-/Users/runner/work/Orca-iOS-ipa/Orca-iOS-ipa/orca/src/slic3r/GUI/Tabbook.hpp:143:10: warning: 'Tabbook::AddPage' hides overloaded virtual function [-Woverloaded-virtual]
10224-  143 |     bool AddPage(wxWindow* page,
10225-      |          ^
10226-/Users/runner/work/Orca-iOS-ipa/Orca-iOS-ipa/wx-prefix/include/wx-3.3/wx/bookctrl.h:177:18: note: hidden overloaded virtual function 'wxBookCtrlBase::AddPage' declared here: type mismatch at 3rd parameter ('bool' vs 'const std::string &' (aka 'const basic_string<char> &'))
10227-  177 |     virtual bool AddPage(wxWindow *page,
10228-      |                  ^
10229-In file included from /Users/runner/work/Orca-iOS-ipa/Orca-iOS-ipa/orca/src/slic3r/GUI/FilamentPickerDialog.cpp:5:
10230-In file included from /Users/runner/work/Orca-iOS-ipa/Orca-iOS-ipa/orca/src/slic3r/GUI/MainFrame.hpp:21:
10231-In file included from /Users/runner/work/Orca-iOS-ipa/Orca-iOS-ipa/orca/src/slic3r/GUI/Monitor.hpp:4:
10232-/Users/runner/work/Orca-iOS-ipa/Orca-iOS-ipa/orca/src/slic3r/GUI/Tabbook.hpp:187:10: warning: 'RemovePage' overrides a member function but is not marked 'override' [-Winconsistent-missing-override]
10233-  187 |     bool RemovePage(size_t n)
10234-      |          ^
10235-/Users/runner/work/Orca-iOS-ipa/Orca-iOS-ipa/wx-prefix/include/wx-3.3/wx/bookctrl.h:161:18: note: overridden virtual function is here
10236-  161 |     virtual bool RemovePage(size_t n)
10237-      |                  ^
10238-In file included from /Users/runner/work/Orca-iOS-ipa/Orca-iOS-ipa/orca/src/slic3r/GUI/FilamentPickerDialog.cpp:5:
10239-In file included from /Users/runner/work/Orca-iOS-ipa/Orca-iOS-ipa/orca/src/slic3r/GUI/MainFrame.hpp:24:
10240-In file included from /Users/runner/work/Orca-iOS-ipa/Orca-iOS-ipa/orca/src/slic3r/GUI/CalibrationPanel.hpp:4:
10241-In file included from /Users/runner/work/Orca-iOS-ipa/Orca-iOS-ipa/orca/src/slic3r/GUI/CalibrationWizard.hpp:8:
10242-/Users/runner/work/Orca-iOS-ipa/Orca-iOS-ipa/orca/src/slic3r/GUI/CalibrationWizardStartPage.hpp:51:10: warning: 'on_reset_page' overrides a member function but is not marked 'override' [-Winconsistent-missing-override]
10243-   51 |     void on_reset_page();
10244-      |          ^
10245-/Users/runner/work/Orca-iOS-ipa/Orca-iOS-ipa/orca/src/slic3r/GUI/CalibrationWizardPage.hpp:310:18: note: overridden virtual function is here
10246-  310 |     virtual void on_reset_page() {}
10247-      |                  ^
10248-In file included from /Users/runner/work/Orca-iOS-ipa/Orca-iOS-ipa/orca/src/slic3r/GUI/FilamentPickerDialog.cpp:5:
10249-In file included from /Users/runner/work/Orca-iOS-ipa/Orca-iOS-ipa/orca/src/slic3r/GUI/MainFrame.hpp:24:
10250-In file included from /Users/runner/work/Orca-iOS-ipa/Orca-iOS-ipa/orca/src/slic3r/GUI/CalibrationPanel.hpp:4:
10251-In file included from /Users/runner/work/Orca-iOS-ipa/Orca-iOS-ipa/orca/src/slic3r/GUI/CalibrationWizard.hpp:8:
10252-/Users/runner/work/Orca-iOS-ipa/Orca-iOS-ipa/orca/src/slic3r/GUI/CalibrationWizardStartPage.hpp:52:10: warning: 'on_device_connected' overrides a member function but is not marked 'override' [-Winconsistent-missing-override]
10253-   52 |     void on_device_connected(MachineObject* obj);
10254-      |          ^
10255-/Users/runner/work/Orca-iOS-ipa/Orca-iOS-ipa/orca/src/slic3r/GUI/CalibrationWizardPage.hpp:308:18: note: overridden virtual function is here
10256-  308 |     virtual void on_device_connected(MachineObject* obj) { curr_obj = obj; }
10257-      |                  ^
10258-In file included from /Users/runner/work/Orca-iOS-ipa/Orca-iOS-ipa/orca/src/slic3r/GUI/FilamentPickerDialog.cpp:5:
10259-In file included from /Users/runner/work/Orca-iOS-ipa/Orca-iOS-ipa/orca/src/slic3r/GUI/MainFrame.hpp:24:
10260-In file included from /Users/runner/work/Orca-iOS-ipa/Orca-iOS-ipa/orca/src/slic3r/GUI/CalibrationPanel.hpp:4:
10261-In file included from /Users/runner/work/Orca-iOS-ipa/Orca-iOS-ipa/orca/src/slic3r/GUI/CalibrationWizard.hpp:8:
10262-/Users/runner/work/Orca-iOS-ipa/Orca-iOS-ipa/orca/src/slic3r/GUI/CalibrationWizardStartPage.hpp:66:10: warning: 'on_reset_page' overrides a member function but is not marked 'override' [-Winconsistent-missing-override]
10263-   66 |     void on_reset_page();
10264-      |          ^
10265-/Users/runner/work/Orca-iOS-ipa/Orca-iOS-ipa/orca/src/slic3r/GUI/CalibrationWizardPage.hpp:310:18: note: overridden virtual function is here
10266-  310 |     virtual void on_reset_page() {}
10267-      |                  ^
10268-In file included from /Users/runner/work/Orca-iOS-ipa/Orca-iOS-ipa/orca/src/slic3r/GUI/FilamentPickerDialog.cpp:5:
10269-In file included from /Users/runner/work/Orca-iOS-ipa/Orca-iOS-ipa/orca/src/slic3r/GUI/MainFrame.hpp:24:
10270-In file included from /Users/runner/work/Orca-iOS-ipa/Orca-iOS-ipa/orca/src/slic3r/GUI/CalibrationPanel.hpp:4:
10271-In file included from /Users/runner/work/Orca-iOS-ipa/Orca-iOS-ipa/orca/src/slic3r/GUI/CalibrationWizard.hpp:8:
10272-/Users/runner/work/Orca-iOS-ipa/Orca-iOS-ipa/orca/src/slic3r/GUI/CalibrationWizardStartPage.hpp:67:10: warning: 'on_device_connected' overrides a member function but is not marked 'override' [-Winconsistent-missing-override]
10273-   67 |     void on_device_connected(MachineObject* obj);
10274-      |          ^
--
10526-      |                         ^
10527-23 warnings generated.
10528-[420/651] Building CXX object src/slic3r/CMakeFiles/libslic3r_gui.dir/GUI/IMToolbar.cpp.o
10529:FAILED: [code=1] src/slic3r/CMakeFiles/libslic3r_gui.dir/GUI/IMToolbar.cpp.o 
10530-ccache /usr/bin/c++ -DBBL_RELEASE_TO_PUBLIC=1 -DBOOST_NO_CXX98_FUNCTION_BASE -DGIT_COMMIT_HASH=\"395e070a0e\" -DLIBNEST2D_GEOMETRIES_libslic3r -DLIBNEST2D_OPTIMIZER_nlopt -DLIBNEST2D_STATIC -DLIBNEST2D_THREADING_tbb -DNDEBUG -DSLIC3R_CURRENTLY_COMPILING_GUI_MODULE -DSLIC3R_DESKTOP_INTEGRATION -DSLIC3R_GUI -DTBB_USE_CAPTURED_EXCEPTION=0 -DUNICODE -DUSE_TBB -DWXINTL_NO_GETTEXT_MACRO -D_FILE_OFFSET_BITS=64 -D_HAS_AUTO_PTR_ETC=0 -D_UNICODE -D__WXOSX_IPHONE__ -DwxDEBUG_LEVEL=0 -DwxNO_UNSAFE_WXSTRING_CONV -DwxUSE_UNICODE -I/Users/runner/work/Orca-iOS-ipa/Orca-iOS-ipa/orca/src/slic3r/Utils -I/Users/runner/work/Orca-iOS-ipa/Orca-iOS-ipa/orca/build/src/slic3r -I/Users/runner/work/Orca-iOS-ipa/Orca-iOS-ipa/orca/build/src/libslic3r -I/Users/runner/work/Orca-iOS-ipa/Orca-iOS-ipa/orca/src/libvgcode/glad/include -I/Users/runner/work/Orca-iOS-ipa/Orca-iOS-ipa/orca/src/glad/include-es -I/Users/runner/work/Orca-iOS-ipa/Orca-iOS-ipa/orca/src/glad/../libvgcode/glad/include -isystem /Users/runner/work/Orca-iOS-ipa/Orca-iOS-ipa/orca/src -isystem /Users/runner/work/Orca-iOS-ipa/Orca-iOS-ipa/orca/build/src/dev-utils/platform -isystem /Users/runner/work/Orca-iOS-ipa/Orca-iOS-ipa/orca/src/libigl -isystem /Users/runner/work/Orca-iOS-ipa/Orca-iOS-ipa/ios-prefix/usr/local/include/opencascade -isystem /Users/runner/work/Orca-iOS-ipa/Orca-iOS-ipa/ios-prefix/usr/local/include/eigen3 -isystem /Users/runner/work/Orca-iOS-ipa/Orca-iOS-ipa/orca/deps_src/admesh -isystem /Users/runner/work/Orca-iOS-ipa/Orca-iOS-ipa/orca/deps_src/admesh/.. -isystem /Users/runner/work/Orca-iOS-ipa/Orca-iOS-ipa/orca/deps_src/libigl -isystem /Users/runner/work/Orca-iOS-ipa/Orca-iOS-ipa/orca/deps_src/libnest2d/include -isystem /Users/runner/work/Orca-iOS-ipa/Orca-iOS-ipa/ios-prefix/usr/local/include -isystem /Users/runner/work/Orca-iOS-ipa/Orca-iOS-ipa/orca/deps_src/miniz -isystem /Users/runner/work/Orca-iOS-ipa/Orca-iOS-ipa/ios-prefix/usr/local/include/opencv4 -isystem /Users/runner/work/Orca-iOS-ipa/Orca-iOS-ipa/orca/deps_src/imgui -isystem /Users/runner/work/Orca-iOS-ipa/Orca-iOS-ipa/orca/deps_src/imguizmo -isystem /Users/runner/work/Orca-iOS-ipa/Orca-iOS-ipa/orca/deps_src/minilzo -isystem /Users/runner/work/Orca-iOS-ipa/Orca-iOS-ipa/orca/deps_src/hidapi/include -isystem /Users/runner/work/Orca-iOS-ipa/Orca-iOS-ipa/orca/deps_src/mdns -isystem /Users/runner/work/Orca-iOS-ipa/Orca-iOS-ipa/wx-prefix/lib/wx/include/osx_iphone-unicode-static-3.3 -isystem /Users/runner/work/Orca-iOS-ipa/Orca-iOS-ipa/wx-prefix/include/wx-3.3 -Wall -Wno-reorder -Werror=partial-availability -Werror=unguarded-availability -Werror=unguarded-availability-new -O3 -DNDEBUG -std=gnu++17 -arch arm64 -isysroot /Applications/Xcode_16.4.app/Contents/Developer/Platforms/iPhoneSimulator.platform/Developer/SDKs/iPhoneSimulator18.5.sdk -mios-simulator-version-min=17.0 -fPIC -fsigned-char -Werror=return-type -Wno-unused-function -Wno-unused-variable -Wno-unused-but-set-variable -Wno-unused-label -Wno-unused-local-typedefs -Wno-sign-compare -Wno-misleading-indentation -Wno-switch -Wno-ignored-attributes -Wno-deprecated-declarations -Wno-error=enum-constexpr-conversion -Winvalid-pch -Xclang -include-pch -Xclang /Users/runner/work/Orca-iOS-ipa/Orca-iOS-ipa/orca/build/src/slic3r/CMakeFiles/libslic3r_gui.dir/cmake_pch.hxx.pch -Xclang -include -Xclang /Users/runner/work/Orca-iOS-ipa/Orca-iOS-ipa/orca/build/src/slic3r/CMakeFiles/libslic3r_gui.dir/cmake_pch.hxx -MD -MT src/slic3r/CMakeFiles/libslic3r_gui.dir/GUI/IMToolbar.cpp.o -MF src/slic3r/CMakeFiles/libslic3r_gui.dir/GUI/IMToolbar.cpp.o.d -o src/slic3r/CMakeFiles/libslic3r_gui.dir/GUI/IMToolbar.cpp.o -c /Users/runner/work/Orca-iOS-ipa/Orca-iOS-ipa/orca/src/slic3r/GUI/IMToolbar.cpp
10531:/Users/runner/work/Orca-iOS-ipa/Orca-iOS-ipa/orca/src/slic3r/GUI/IMToolbar.cpp:91:49: error: use of undeclared identifier 'GL_COMPRESSED_RGBA_S3TC_DXT5_EXT'
10532-   91 |         glsafe(::glTexImage2D(GL_TEXTURE_2D, 0, GL_COMPRESSED_RGBA_S3TC_DXT5_EXT, data.width, data.height, 0, GL_RGBA, GL_UNSIGNED_BYTE, pixels));
10533-      |                                                 ^
10534-1 error generated.
10535-[421/651] Building CXX object src/slic3r/CMakeFiles/libslic3r_gui.dir/GUI/IMSlider.cpp.o
10536-In file included from /Users/runner/work/Orca-iOS-ipa/Orca-iOS-ipa/orca/src/slic3r/GUI/IMSlider.cpp:4:
10537-In file included from /Users/runner/work/Orca-iOS-ipa/Orca-iOS-ipa/orca/src/slic3r/GUI/NotificationManager.hpp:5:
10538-In file included from /Users/runner/work/Orca-iOS-ipa/Orca-iOS-ipa/orca/src/slic3r/GUI/Plater.hpp:20:
10539-In file included from /Users/runner/work/Orca-iOS-ipa/Orca-iOS-ipa/orca/src/slic3r/GUI/Search.hpp:22:
10540-/Users/runner/work/Orca-iOS-ipa/Orca-iOS-ipa/orca/src/slic3r/GUI/Widgets/ScrolledWindow.hpp:18:10: warning: 'ScrolledWindow::Refresh' hides overloaded virtual function [-Woverloaded-virtual]
10541-   18 |     void Refresh();
10542-      |          ^
10543-/Users/runner/work/Orca-iOS-ipa/Orca-iOS-ipa/wx-prefix/include/wx-3.3/wx/osx/window.h:79:18: note: hidden overloaded virtual function 'wxWindow::Refresh' declared here: different number of parameters (2 vs 0)
10544-   79 |     virtual void Refresh( bool eraseBackground = true,
10545-      |                  ^
10546-In file included from /Users/runner/work/Orca-iOS-ipa/Orca-iOS-ipa/orca/src/slic3r/GUI/IMSlider.cpp:4:
10547-In file included from /Users/runner/work/Orca-iOS-ipa/Orca-iOS-ipa/orca/src/slic3r/GUI/NotificationManager.hpp:5:
10548-In file included from /Users/runner/work/Orca-iOS-ipa/Orca-iOS-ipa/orca/src/slic3r/GUI/Plater.hpp:20:
10549-In file included from /Users/runner/work/Orca-iOS-ipa/Orca-iOS-ipa/orca/src/slic3r/GUI/Search.hpp:22:
10550-/Users/runner/work/Orca-iOS-ipa/Orca-iOS-ipa/orca/src/slic3r/GUI/Widgets/ScrolledWindow.hpp:19:10: warning: 'ScrolledWindow::SetBackgroundColour' hides overloaded virtual function [-Woverloaded-virtual]
10551-   19 |     void SetBackgroundColour(wxColour color);
10552-      |          ^
10553-/Users/runner/work/Orca-iOS-ipa/Orca-iOS-ipa/wx-prefix/include/wx-3.3/wx/osx/window.h:86:18: note: hidden overloaded virtual function 'wxWindow::SetBackgroundColour' declared here: type mismatch at 1st parameter ('const wxColour &' vs 'wxColour')
10554-   86 |     virtual bool SetBackgroundColour( const wxColour &colour ) override;
10555-      |                  ^
10556-In file included from /Users/runner/work/Orca-iOS-ipa/Orca-iOS-ipa/orca/src/slic3r/GUI/IMSlider.cpp:4:
10557-In file included from /Users/runner/work/Orca-iOS-ipa/Orca-iOS-ipa/orca/src/slic3r/GUI/NotificationManager.hpp:5:
10558-In file included from /Users/runner/work/Orca-iOS-ipa/Orca-iOS-ipa/orca/src/slic3r/GUI/Plater.hpp:20:
10559-/Users/runner/work/Orca-iOS-ipa/Orca-iOS-ipa/orca/src/slic3r/GUI/Search.hpp:220:10: warning: 'Slic3r::Search::SearchDialog::Popup' hides overloaded virtual function [-Woverloaded-virtual]
10560-  220 |     void Popup(wxPoint position = wxDefaultPosition);
10561-      |          ^
10562-/Users/runner/work/Orca-iOS-ipa/Orca-iOS-ipa/wx-prefix/include/wx-3.3/wx/popupwin.h:167:18: note: hidden overloaded virtual function 'wxPopupTransientWindow::Popup' declared here: type mismatch at 1st parameter ('wxWindow *' vs 'wxPoint')
10563-  167 |     virtual void Popup(wxWindow *focus = nullptr) override;
10564-      |                  ^
10565-In file included from /Users/runner/work/Orca-iOS-ipa/Orca-iOS-ipa/orca/src/slic3r/GUI/IMSlider.cpp:4:
10566-In file included from /Users/runner/work/Orca-iOS-ipa/Orca-iOS-ipa/orca/src/slic3r/GUI/NotificationManager.hpp:5:
10567-In file included from /Users/runner/work/Orca-iOS-ipa/Orca-iOS-ipa/orca/src/slic3r/GUI/Plater.hpp:20:
10568-/Users/runner/work/Orca-iOS-ipa/Orca-iOS-ipa/orca/src/slic3r/GUI/Search.hpp:264:10: warning: 'Slic3r::Search::SearchObjectDialog::Popup' hides overloaded virtual function [-Woverloaded-virtual]
10569-  264 |     void Popup(wxPoint position = wxDefaultPosition);
10570-      |          ^
10571-/Users/runner/work/Orca-iOS-ipa/Orca-iOS-ipa/wx-prefix/include/wx-3.3/wx/popupwin.h:167:18: note: hidden overloaded virtual function 'wxPopupTransientWindow::Popup' declared here: type mismatch at 1st parameter ('wxWindow *' vs 'wxPoint')
10572-  167 |     virtual void Popup(wxWindow *focus = nullptr) override;
10573-      |                  ^
10574-In file included from /Users/runner/work/Orca-iOS-ipa/Orca-iOS-ipa/orca/src/slic3r/GUI/IMSlider.cpp:4:
10575-In file included from /Users/runner/work/Orca-iOS-ipa/Orca-iOS-ipa/orca/src/slic3r/GUI/NotificationManager.hpp:5:
10576-In file included from /Users/runner/work/Orca-iOS-ipa/Orca-iOS-ipa/orca/src/slic3r/GUI/Plater.hpp:21:
10577-In file included from /Users/runner/work/Orca-iOS-ipa/Orca-iOS-ipa/orca/src/slic3r/GUI/PartPlate.hpp:19:
10578-/Users/runner/work/Orca-iOS-ipa/Orca-iOS-ipa/orca/src/slic3r/GUI/GLCanvas3D.hpp:1153:50: warning: all paths through this function will call itself [-Winfinite-recursion]
10579- 1153 |     ArrangeSettings get_arrange_settings() const {
10580-      |                                                  ^
10581-/Users/runner/work/Orca-iOS-ipa/Orca-iOS-ipa/orca/src/slic3r/GUI/IMSlider.cpp:793:55: warning: braces around scalar initializer [-Wbraced-scalar-init]
10582-  793 |     ImGui::PushStyleVar(ImGuiStyleVar_WindowRounding, { 3 * m_scale });
10583-      |                                                       ^~~~~~~~~~~~~~~
10584-In file included from /Users/runner/work/Orca-iOS-ipa/Orca-iOS-ipa/orca/src/slic3r/GUI/IMSlider.cpp:1:
10585-/Users/runner/work/Orca-iOS-ipa/Orca-iOS-ipa/orca/src/slic3r/GUI/IMSlider.hpp:179:10: warning: private field 'is_osx' is not used [-Wunused-private-field]
10586-  179 |     bool is_osx{false};
10587-      |          ^
10588-/Users/runner/work/Orca-iOS-ipa/Orca-iOS-ipa/orca/src/slic3r/GUI/IMSlider.hpp:204:11: warning: private field 'm_one_layer_on_light_id' is not used [-Wunused-private-field]
10589-  204 |     void* m_one_layer_on_light_id;
10590-      |           ^
10591-/Users/runner/work/Orca-iOS-ipa/Orca-iOS-ipa/orca/src/slic3r/GUI/IMSlider.hpp:205:11: warning: private field 'm_one_layer_on_hover_light_id' is not used [-Wunused-private-field]
--
12871-2 warnings generated.
12872-[465/651] Building CXX object src/slic3r/CMakeFiles/libslic3r_gui.dir/GUI/OAuthDialog.cpp.o
12873-[466/651] Building CXX object src/slic3r/CMakeFiles/libslic3r_gui.dir/GUI/OpenGLManager.cpp.o
12874:FAILED: [code=1] src/slic3r/CMakeFiles/libslic3r_gui.dir/GUI/OpenGLManager.cpp.o 
12875-ccache /usr/bin/c++ -DBBL_RELEASE_TO_PUBLIC=1 -DBOOST_NO_CXX98_FUNCTION_BASE -DGIT_COMMIT_HASH=\"395e070a0e\" -DLIBNEST2D_GEOMETRIES_libslic3r -DLIBNEST2D_OPTIMIZER_nlopt -DLIBNEST2D_STATIC -DLIBNEST2D_THREADING_tbb -DNDEBUG -DSLIC3R_CURRENTLY_COMPILING_GUI_MODULE -DSLIC3R_DESKTOP_INTEGRATION -DSLIC3R_GUI -DTBB_USE_CAPTURED_EXCEPTION=0 -DUNICODE -DUSE_TBB -DWXINTL_NO_GETTEXT_MACRO -D_FILE_OFFSET_BITS=64 -D_HAS_AUTO_PTR_ETC=0 -D_UNICODE -D__WXOSX_IPHONE__ -DwxDEBUG_LEVEL=0 -DwxNO_UNSAFE_WXSTRING_CONV -DwxUSE_UNICODE -I/Users/runner/work/Orca-iOS-ipa/Orca-iOS-ipa/orca/src/slic3r/Utils -I/Users/runner/work/Orca-iOS-ipa/Orca-iOS-ipa/orca/build/src/slic3r -I/Users/runner/work/Orca-iOS-ipa/Orca-iOS-ipa/orca/build/src/libslic3r -I/Users/runner/work/Orca-iOS-ipa/Orca-iOS-ipa/orca/src/libvgcode/glad/include -I/Users/runner/work/Orca-iOS-ipa/Orca-iOS-ipa/orca/src/glad/include-es -I/Users/runner/work/Orca-iOS-ipa/Orca-iOS-ipa/orca/src/glad/../libvgcode/glad/include -isystem /Users/runner/work/Orca-iOS-ipa/Orca-iOS-ipa/orca/src -isystem /Users/runner/work/Orca-iOS-ipa/Orca-iOS-ipa/orca/build/src/dev-utils/platform -isystem /Users/runner/work/Orca-iOS-ipa/Orca-iOS-ipa/orca/src/libigl -isystem /Users/runner/work/Orca-iOS-ipa/Orca-iOS-ipa/ios-prefix/usr/local/include/opencascade -isystem /Users/runner/work/Orca-iOS-ipa/Orca-iOS-ipa/ios-prefix/usr/local/include/eigen3 -isystem /Users/runner/work/Orca-iOS-ipa/Orca-iOS-ipa/orca/deps_src/admesh -isystem /Users/runner/work/Orca-iOS-ipa/Orca-iOS-ipa/orca/deps_src/admesh/.. -isystem /Users/runner/work/Orca-iOS-ipa/Orca-iOS-ipa/orca/deps_src/libigl -isystem /Users/runner/work/Orca-iOS-ipa/Orca-iOS-ipa/orca/deps_src/libnest2d/include -isystem /Users/runner/work/Orca-iOS-ipa/Orca-iOS-ipa/ios-prefix/usr/local/include -isystem /Users/runner/work/Orca-iOS-ipa/Orca-iOS-ipa/orca/deps_src/miniz -isystem /Users/runner/work/Orca-iOS-ipa/Orca-iOS-ipa/ios-prefix/usr/local/include/opencv4 -isystem /Users/runner/work/Orca-iOS-ipa/Orca-iOS-ipa/orca/deps_src/imgui -isystem /Users/runner/work/Orca-iOS-ipa/Orca-iOS-ipa/orca/deps_src/imguizmo -isystem /Users/runner/work/Orca-iOS-ipa/Orca-iOS-ipa/orca/deps_src/minilzo -isystem /Users/runner/work/Orca-iOS-ipa/Orca-iOS-ipa/orca/deps_src/hidapi/include -isystem /Users/runner/work/Orca-iOS-ipa/Orca-iOS-ipa/orca/deps_src/mdns -isystem /Users/runner/work/Orca-iOS-ipa/Orca-iOS-ipa/wx-prefix/lib/wx/include/osx_iphone-unicode-static-3.3 -isystem /Users/runner/work/Orca-iOS-ipa/Orca-iOS-ipa/wx-prefix/include/wx-3.3 -Wall -Wno-reorder -Werror=partial-availability -Werror=unguarded-availability -Werror=unguarded-availability-new -O3 -DNDEBUG -std=gnu++17 -arch arm64 -isysroot /Applications/Xcode_16.4.app/Contents/Developer/Platforms/iPhoneSimulator.platform/Developer/SDKs/iPhoneSimulator18.5.sdk -mios-simulator-version-min=17.0 -fPIC -fsigned-char -Werror=return-type -Wno-unused-function -Wno-unused-variable -Wno-unused-but-set-variable -Wno-unused-label -Wno-unused-local-typedefs -Wno-sign-compare -Wno-misleading-indentation -Wno-switch -Wno-ignored-attributes -Wno-deprecated-declarations -Wno-error=enum-constexpr-conversion -Winvalid-pch -Xclang -include-pch -Xclang /Users/runner/work/Orca-iOS-ipa/Orca-iOS-ipa/orca/build/src/slic3r/CMakeFiles/libslic3r_gui.dir/cmake_pch.hxx.pch -Xclang -include -Xclang /Users/runner/work/Orca-iOS-ipa/Orca-iOS-ipa/orca/build/src/slic3r/CMakeFiles/libslic3r_gui.dir/cmake_pch.hxx -MD -MT src/slic3r/CMakeFiles/libslic3r_gui.dir/GUI/OpenGLManager.cpp.o -MF src/slic3r/CMakeFiles/libslic3r_gui.dir/GUI/OpenGLManager.cpp.o.d -o src/slic3r/CMakeFiles/libslic3r_gui.dir/GUI/OpenGLManager.cpp.o -c /Users/runner/work/Orca-iOS-ipa/Orca-iOS-ipa/orca/src/slic3r/GUI/OpenGLManager.cpp
12876-In file included from /Users/runner/work/Orca-iOS-ipa/Orca-iOS-ipa/orca/src/slic3r/GUI/OpenGLManager.cpp:17:
12877-In file included from /Users/runner/work/Orca-iOS-ipa/Orca-iOS-ipa/wx-prefix/include/wx-3.3/wx/glcanvas.h:375:
12878-In file included from /Users/runner/work/Orca-iOS-ipa/Orca-iOS-ipa/wx-prefix/include/wx-3.3/wx/osx/glcanvas.h:18:
12879:/Applications/Xcode_16.4.app/Contents/Developer/Platforms/iPhoneSimulator.platform/Developer/SDKs/iPhoneSimulator18.5.sdk/System/Library/Frameworks/OpenGLES.framework/Headers/ES1/gl.h:639:25: error: redefinition of 'glad_glClearColor' as different kind of symbol
12880-  639 | GL_API void GL_APIENTRY glClearColor (GLclampf red, GLclampf green, GLclampf blue, GLclampf alpha) OPENGLES_DEPRECATED(ios(2.0, 12.0), tvos(9.0, 12.0));
12881-      |                         ^
12882-/Users/runner/work/Orca-iOS-ipa/Orca-iOS-ipa/orca/src/libvgcode/glad/include/glad/gles2.h:1182:22: note: expanded from macro 'glClearColor'
12883- 1182 | #define glClearColor glad_glClearColor
12884-      |                      ^
12885-/Users/runner/work/Orca-iOS-ipa/Orca-iOS-ipa/orca/src/libvgcode/glad/include/glad/gles2.h:1181:35: note: previous definition is here
12886- 1181 | GLAD_API_CALL PFNGLCLEARCOLORPROC glad_glClearColor;
12887-      |                                   ^
12888-In file included from /Users/runner/work/Orca-iOS-ipa/Orca-iOS-ipa/orca/src/slic3r/GUI/OpenGLManager.cpp:17:
12889-In file included from /Users/runner/work/Orca-iOS-ipa/Orca-iOS-ipa/wx-prefix/include/wx-3.3/wx/glcanvas.h:375:
12890-In file included from /Users/runner/work/Orca-iOS-ipa/Orca-iOS-ipa/wx-prefix/include/wx-3.3/wx/osx/glcanvas.h:18:
12891:/Applications/Xcode_16.4.app/Contents/Developer/Platforms/iPhoneSimulator.platform/Developer/SDKs/iPhoneSimulator18.5.sdk/System/Library/Frameworks/OpenGLES.framework/Headers/ES1/gl.h:640:25: error: redefinition of 'glad_glClearDepthf' as different kind of symbol
12892-  640 | GL_API void GL_APIENTRY glClearDepthf (GLclampf depth) OPENGLES_DEPRECATED(ios(2.0, 12.0), tvos(9.0, 12.0));
12893-      |                         ^
12894-/Users/runner/work/Orca-iOS-ipa/Orca-iOS-ipa/orca/src/libvgcode/glad/include/glad/gles2.h:1184:23: note: expanded from macro 'glClearDepthf'
12895- 1184 | #define glClearDepthf glad_glClearDepthf
12896-      |                       ^
12897-/Users/runner/work/Orca-iOS-ipa/Orca-iOS-ipa/orca/src/libvgcode/glad/include/glad/gles2.h:1183:36: note: previous definition is here
12898- 1183 | GLAD_API_CALL PFNGLCLEARDEPTHFPROC glad_glClearDepthf;
12899-      |                                    ^
12900-In file included from /Users/runner/work/Orca-iOS-ipa/Orca-iOS-ipa/orca/src/slic3r/GUI/OpenGLManager.cpp:17:
12901-In file included from /Users/runner/work/Orca-iOS-ipa/Orca-iOS-ipa/wx-prefix/include/wx-3.3/wx/glcanvas.h:375:
12902-In file included from /Users/runner/work/Orca-iOS-ipa/Orca-iOS-ipa/wx-prefix/include/wx-3.3/wx/osx/glcanvas.h:18:
12903:/Applications/Xcode_16.4.app/Contents/Developer/Platforms/iPhoneSimulator.platform/Developer/SDKs/iPhoneSimulator18.5.sdk/System/Library/Frameworks/OpenGLES.framework/Headers/ES1/gl.h:643:25: error: redefinition of 'glad_glDepthRangef' as different kind of symbol
12904-  643 | GL_API void GL_APIENTRY glDepthRangef (GLclampf zNear, GLclampf zFar) OPENGLES_DEPRECATED(ios(2.0, 12.0), tvos(9.0, 12.0));
12905-      |                         ^
12906-/Users/runner/work/Orca-iOS-ipa/Orca-iOS-ipa/orca/src/libvgcode/glad/include/glad/gles2.h:1242:23: note: expanded from macro 'glDepthRangef'
12907- 1242 | #define glDepthRangef glad_glDepthRangef
12908-      |                       ^
12909-/Users/runner/work/Orca-iOS-ipa/Orca-iOS-ipa/orca/src/libvgcode/glad/include/glad/gles2.h:1241:36: note: previous definition is here
12910- 1241 | GLAD_API_CALL PFNGLDEPTHRANGEFPROC glad_glDepthRangef;
12911-      |                                    ^
12912-In file included from /Users/runner/work/Orca-iOS-ipa/Orca-iOS-ipa/orca/src/slic3r/GUI/OpenGLManager.cpp:17:
12913-In file included from /Users/runner/work/Orca-iOS-ipa/Orca-iOS-ipa/wx-prefix/include/wx-3.3/wx/glcanvas.h:375:
12914-In file included from /Users/runner/work/Orca-iOS-ipa/Orca-iOS-ipa/wx-prefix/include/wx-3.3/wx/osx/glcanvas.h:18:
12915:/Applications/Xcode_16.4.app/Contents/Developer/Platforms/iPhoneSimulator.platform/Developer/SDKs/iPhoneSimulator18.5.sdk/System/Library/Frameworks/OpenGLES.framework/Headers/ES1/gl.h:648:25: error: redefinition of 'glad_glGetFloatv' as different kind of symbol
12916-  648 | GL_API void GL_APIENTRY glGetFloatv (GLenum pname, GLfloat *params) OPENGLES_DEPRECATED(ios(2.0, 12.0), tvos(9.0, 12.0));
12917-      |                         ^
12918-/Users/runner/work/Orca-iOS-ipa/Orca-iOS-ipa/orca/src/libvgcode/glad/include/glad/gles2.h:1328:21: note: expanded from macro 'glGetFloatv'
12919- 1328 | #define glGetFloatv glad_glGetFloatv
12920-      |                     ^
12921-/Users/runner/work/Orca-iOS-ipa/Orca-iOS-ipa/orca/src/libvgcode/glad/include/glad/gles2.h:1327:34: note: previous definition is here
12922- 1327 | GLAD_API_CALL PFNGLGETFLOATVPROC glad_glGetFloatv;
12923-      |                                  ^
12924-In file included from /Users/runner/work/Orca-iOS-ipa/Orca-iOS-ipa/orca/src/slic3r/GUI/OpenGLManager.cpp:17:
12925-In file included from /Users/runner/work/Orca-iOS-ipa/Orca-iOS-ipa/wx-prefix/include/wx-3.3/wx/glcanvas.h:375:
12926-In file included from /Users/runner/work/Orca-iOS-ipa/Orca-iOS-ipa/wx-prefix/include/wx-3.3/wx/osx/glcanvas.h:18:
12927:/Applications/Xcode_16.4.app/Contents/Developer/Platforms/iPhoneSimulator.platform/Developer/SDKs/iPhoneSimulator18.5.sdk/System/Library/Frameworks/OpenGLES.framework/Headers/ES1/gl.h:652:25: error: redefinition of 'glad_glGetTexParameterfv' as different kind of symbol
12928-  652 | GL_API void GL_APIENTRY glGetTexParameterfv (GLenum target, GLenum pname, GLfloat *params) OPENGLES_DEPRECATED(ios(2.0, 12.0), tvos(9.0, 12.0));
12929-      |                         ^
12930-/Users/runner/work/Orca-iOS-ipa/Orca-iOS-ipa/orca/src/libvgcode/glad/include/glad/gles2.h:1374:29: note: expanded from macro 'glGetTexParameterfv'
12931- 1374 | #define glGetTexParameterfv glad_glGetTexParameterfv
12932-      |                             ^
12933-/Users/runner/work/Orca-iOS-ipa/Orca-iOS-ipa/orca/src/libvgcode/glad/include/glad/gles2.h:1373:42: note: previous definition is here
12934- 1373 | GLAD_API_CALL PFNGLGETTEXPARAMETERFVPROC glad_glGetTexParameterfv;
12935-      |                                          ^
12936-In file included from /Users/runner/work/Orca-iOS-ipa/Orca-iOS-ipa/orca/src/slic3r/GUI/OpenGLManager.cpp:17:
12937-In file included from /Users/runner/work/Orca-iOS-ipa/Orca-iOS-ipa/wx-prefix/include/wx-3.3/wx/glcanvas.h:375:
12938-In file included from /Users/runner/work/Orca-iOS-ipa/Orca-iOS-ipa/wx-prefix/include/wx-3.3/wx/osx/glcanvas.h:18:
12939:/Applications/Xcode_16.4.app/Contents/Developer/Platforms/iPhoneSimulator.platform/Developer/SDKs/iPhoneSimulator18.5.sdk/System/Library/Frameworks/OpenGLES.framework/Headers/ES1/gl.h:657:25: error: redefinition of 'glad_glLineWidth' as different kind of symbol
12940-  657 | GL_API void GL_APIENTRY glLineWidth (GLfloat width) OPENGLES_DEPRECATED(ios(2.0, 12.0), tvos(9.0, 12.0));
12941-      |                         ^
12942-/Users/runner/work/Orca-iOS-ipa/Orca-iOS-ipa/orca/src/libvgcode/glad/include/glad/gles2.h:1432:21: note: expanded from macro 'glLineWidth'
12943- 1432 | #define glLineWidth glad_glLineWidth
12944-      |                     ^
12945-/Users/runner/work/Orca-iOS-ipa/Orca-iOS-ipa/orca/src/libvgcode/glad/include/glad/gles2.h:1431:34: note: previous definition is here
12946- 1431 | GLAD_API_CALL PFNGLLINEWIDTHPROC glad_glLineWidth;
12947-      |                                  ^
12948-In file included from /Users/runner/work/Orca-iOS-ipa/Orca-iOS-ipa/orca/src/slic3r/GUI/OpenGLManager.cpp:17:
12949-In file included from /Users/runner/work/Orca-iOS-ipa/Orca-iOS-ipa/wx-prefix/include/wx-3.3/wx/glcanvas.h:375:
12950-In file included from /Users/runner/work/Orca-iOS-ipa/Orca-iOS-ipa/wx-prefix/include/wx-3.3/wx/osx/glcanvas.h:18:
12951:/Applications/Xcode_16.4.app/Contents/Developer/Platforms/iPhoneSimulator.platform/Developer/SDKs/iPhoneSimulator18.5.sdk/System/Library/Frameworks/OpenGLES.framework/Headers/ES1/gl.h:668:25: error: redefinition of 'glad_glPolygonOffset' as different kind of symbol
12952-  668 | GL_API void GL_APIENTRY glPolygonOffset (GLfloat factor, GLfloat units) OPENGLES_DEPRECATED(ios(2.0, 12.0), tvos(9.0, 12.0));
12953-      |                         ^
12954-/Users/runner/work/Orca-iOS-ipa/Orca-iOS-ipa/orca/src/libvgcode/glad/include/glad/gles2.h:1442:25: note: expanded from macro 'glPolygonOffset'
12955- 1442 | #define glPolygonOffset glad_glPolygonOffset
12956-      |                         ^
12957-/Users/runner/work/Orca-iOS-ipa/Orca-iOS-ipa/orca/src/libvgcode/glad/include/glad/gles2.h:1441:38: note: previous definition is here
12958- 1441 | GLAD_API_CALL PFNGLPOLYGONOFFSETPROC glad_glPolygonOffset;
12959-      |                                      ^
12960-In file included from /Users/runner/work/Orca-iOS-ipa/Orca-iOS-ipa/orca/src/slic3r/GUI/OpenGLManager.cpp:17:
12961-In file included from /Users/runner/work/Orca-iOS-ipa/Orca-iOS-ipa/wx-prefix/include/wx-3.3/wx/glcanvas.h:375:
12962-In file included from /Users/runner/work/Orca-iOS-ipa/Orca-iOS-ipa/wx-prefix/include/wx-3.3/wx/osx/glcanvas.h:18:
12963:/Applications/Xcode_16.4.app/Contents/Developer/Platforms/iPhoneSimulator.platform/Developer/SDKs/iPhoneSimulator18.5.sdk/System/Library/Frameworks/OpenGLES.framework/Headers/ES1/gl.h:670:25: error: redefinition of 'glad_glSampleCoverage' as different kind of symbol
12964-  670 | GL_API void GL_APIENTRY glSampleCoverage (GLclampf value, GLboolean invert) OPENGLES_DEPRECATED(ios(2.0, 12.0), tvos(9.0, 12.0));
12965-      |                         ^
12966-/Users/runner/work/Orca-iOS-ipa/Orca-iOS-ipa/orca/src/libvgcode/glad/include/glad/gles2.h:1460:26: note: expanded from macro 'glSampleCoverage'
12967- 1460 | #define glSampleCoverage glad_glSampleCoverage
12968-      |                          ^
12969-/Users/runner/work/Orca-iOS-ipa/Orca-iOS-ipa/orca/src/libvgcode/glad/include/glad/gles2.h:1459:39: note: previous definition is here
12970- 1459 | GLAD_API_CALL PFNGLSAMPLECOVERAGEPROC glad_glSampleCoverage;
12971-      |                                       ^
12972-In file included from /Users/runner/work/Orca-iOS-ipa/Orca-iOS-ipa/orca/src/slic3r/GUI/OpenGLManager.cpp:17:
12973-In file included from /Users/runner/work/Orca-iOS-ipa/Orca-iOS-ipa/wx-prefix/include/wx-3.3/wx/glcanvas.h:375:
12974-In file included from /Users/runner/work/Orca-iOS-ipa/Orca-iOS-ipa/wx-prefix/include/wx-3.3/wx/osx/glcanvas.h:18:
12975:/Applications/Xcode_16.4.app/Contents/Developer/Platforms/iPhoneSimulator.platform/Developer/SDKs/iPhoneSimulator18.5.sdk/System/Library/Frameworks/OpenGLES.framework/Headers/ES1/gl.h:674:25: error: redefinition of 'glad_glTexParameterf' as different kind of symbol
12976-  674 | GL_API void GL_APIENTRY glTexParameterf (GLenum target, GLenum pname, GLfloat param) OPENGLES_DEPRECATED(ios(2.0, 12.0), tvos(9.0, 12.0));
12977-      |                         ^
12978-/Users/runner/work/Orca-iOS-ipa/Orca-iOS-ipa/orca/src/libvgcode/glad/include/glad/gles2.h:1492:25: note: expanded from macro 'glTexParameterf'
12979- 1492 | #define glTexParameterf glad_glTexParameterf
12980-      |                         ^
12981-/Users/runner/work/Orca-iOS-ipa/Orca-iOS-ipa/orca/src/libvgcode/glad/include/glad/gles2.h:1491:38: note: previous definition is here
12982- 1491 | GLAD_API_CALL PFNGLTEXPARAMETERFPROC glad_glTexParameterf;
12983-      |                                      ^
12984-In file included from /Users/runner/work/Orca-iOS-ipa/Orca-iOS-ipa/orca/src/slic3r/GUI/OpenGLManager.cpp:17:
12985-In file included from /Users/runner/work/Orca-iOS-ipa/Orca-iOS-ipa/wx-prefix/include/wx-3.3/wx/glcanvas.h:375:
12986-In file included from /Users/runner/work/Orca-iOS-ipa/Orca-iOS-ipa/wx-prefix/include/wx-3.3/wx/osx/glcanvas.h:18:
12987:/Applications/Xcode_16.4.app/Contents/Developer/Platforms/iPhoneSimulator.platform/Developer/SDKs/iPhoneSimulator18.5.sdk/System/Library/Frameworks/OpenGLES.framework/Headers/ES1/gl.h:675:25: error: redefinition of 'glad_glTexParameterfv' as different kind of symbol
12988-  675 | GL_API void GL_APIENTRY glTexParameterfv (GLenum target, GLenum pname, const GLfloat *params) OPENGLES_DEPRECATED(ios(2.0, 12.0), tvos(9.0, 12.0));
12989-      |                         ^
12990-/Users/runner/work/Orca-iOS-ipa/Orca-iOS-ipa/orca/src/libvgcode/glad/include/glad/gles2.h:1494:26: note: expanded from macro 'glTexParameterfv'
12991- 1494 | #define glTexParameterfv glad_glTexParameterfv
12992-      |                          ^
12993-/Users/runner/work/Orca-iOS-ipa/Orca-iOS-ipa/orca/src/libvgcode/glad/include/glad/gles2.h:1493:39: note: previous definition is here
12994- 1493 | GLAD_API_CALL PFNGLTEXPARAMETERFVPROC glad_glTexParameterfv;
12995-      |                                       ^
12996-In file included from /Users/runner/work/Orca-iOS-ipa/Orca-iOS-ipa/orca/src/slic3r/GUI/OpenGLManager.cpp:17:
12997-In file included from /Users/runner/work/Orca-iOS-ipa/Orca-iOS-ipa/wx-prefix/include/wx-3.3/wx/glcanvas.h:375:
12998-In file included from /Users/runner/work/Orca-iOS-ipa/Orca-iOS-ipa/wx-prefix/include/wx-3.3/wx/osx/glcanvas.h:18:
12999:/Applications/Xcode_16.4.app/Contents/Developer/Platforms/iPhoneSimulator.platform/Developer/SDKs/iPhoneSimulator18.5.sdk/System/Library/Frameworks/OpenGLES.framework/Headers/ES1/gl.h:678:25: error: redefinition of 'glad_glActiveTexture' as different kind of symbol
13000-  678 | GL_API void GL_APIENTRY glActiveTexture (GLenum texture) OPENGLES_DEPRECATED(ios(2.0, 12.0), tvos(9.0, 12.0));
13001-      |                         ^
13002-/Users/runner/work/Orca-iOS-ipa/Orca-iOS-ipa/orca/src/libvgcode/glad/include/glad/gles2.h:1126:25: note: expanded from macro 'glActiveTexture'
13003- 1126 | #define glActiveTexture glad_glActiveTexture
13004-      |                         ^
13005-/Users/runner/work/Orca-iOS-ipa/Orca-iOS-ipa/orca/src/libvgcode/glad/include/glad/gles2.h:1125:38: note: previous definition is here
13006- 1125 | GLAD_API_CALL PFNGLACTIVETEXTUREPROC glad_glActiveTexture;
13007-      |                                      ^
13008-In file included from /Users/runner/work/Orca-iOS-ipa/Orca-iOS-ipa/orca/src/slic3r/GUI/OpenGLManager.cpp:17:
13009-In file included from /Users/runner/work/Orca-iOS-ipa/Orca-iOS-ipa/wx-prefix/include/wx-3.3/wx/glcanvas.h:375:
13010-In file included from /Users/runner/work/Orca-iOS-ipa/Orca-iOS-ipa/wx-prefix/include/wx-3.3/wx/osx/glcanvas.h:18:
13011:/Applications/Xcode_16.4.app/Contents/Developer/Platforms/iPhoneSimulator.platform/Developer/SDKs/iPhoneSimulator18.5.sdk/System/Library/Frameworks/OpenGLES.framework/Headers/ES1/gl.h:680:25: error: redefinition of 'glad_glBindBuffer' as different kind of symbol
13012-  680 | GL_API void GL_APIENTRY glBindBuffer (GLenum target, GLuint buffer) OPENGLES_DEPRECATED(ios(2.0, 12.0), tvos(9.0, 12.0));
13013-      |                         ^
13014-/Users/runner/work/Orca-iOS-ipa/Orca-iOS-ipa/orca/src/libvgcode/glad/include/glad/gles2.h:1136:22: note: expanded from macro 'glBindBuffer'
13015- 1136 | #define glBindBuffer glad_glBindBuffer
13016-      |                      ^
13017-/Users/runner/work/Orca-iOS-ipa/Orca-iOS-ipa/orca/src/libvgcode/glad/include/glad/gles2.h:1135:35: note: previous definition is here
13018- 1135 | GLAD_API_CALL PFNGLBINDBUFFERPROC glad_glBindBuffer;
13019-      |                                   ^
13020-In file included from /Users/runner/work/Orca-iOS-ipa/Orca-iOS-ipa/orca/src/slic3r/GUI/OpenGLManager.cpp:17:
13021-In file included from /Users/runner/work/Orca-iOS-ipa/Orca-iOS-ipa/wx-prefix/include/wx-3.3/wx/glcanvas.h:375:
13022-In file included from /Users/runner/work/Orca-iOS-ipa/Orca-iOS-ipa/wx-prefix/include/wx-3.3/wx/osx/glcanvas.h:18:
13023:/Applications/Xcode_16.4.app/Contents/Developer/Platforms/iPhoneSimulator.platform/Developer/SDKs/iPhoneSimulator18.5.sdk/System/Library/Frameworks/OpenGLES.framework/Headers/ES1/gl.h:681:25: error: redefinition of 'glad_glBindTexture' as different kind of symbol
13024-  681 | GL_API void GL_APIENTRY glBindTexture (GLenum target, GLuint texture) OPENGLES_DEPRECATED(ios(2.0, 12.0), tvos(9.0, 12.0));
13025-      |                         ^
13026-/Users/runner/work/Orca-iOS-ipa/Orca-iOS-ipa/orca/src/libvgcode/glad/include/glad/gles2.h:1148:23: note: expanded from macro 'glBindTexture'
13027- 1148 | #define glBindTexture glad_glBindTexture
13028-      |                       ^
13029-/Users/runner/work/Orca-iOS-ipa/Orca-iOS-ipa/orca/src/libvgcode/glad/include/glad/gles2.h:1147:36: note: previous definition is here
13030- 1147 | GLAD_API_CALL PFNGLBINDTEXTUREPROC glad_glBindTexture;
13031-      |                                    ^
13032-In file included from /Users/runner/work/Orca-iOS-ipa/Orca-iOS-ipa/orca/src/slic3r/GUI/OpenGLManager.cpp:17:
13033-In file included from /Users/runner/work/Orca-iOS-ipa/Orca-iOS-ipa/wx-prefix/include/wx-3.3/wx/glcanvas.h:375:
13034-In file included from /Users/runner/work/Orca-iOS-ipa/Orca-iOS-ipa/wx-prefix/include/wx-3.3/wx/osx/glcanvas.h:18:
13035:/Applications/Xcode_16.4.app/Contents/Developer/Platforms/iPhoneSimulator.platform/Developer/SDKs/iPhoneSimulator18.5.sdk/System/Library/Frameworks/OpenGLES.framework/Headers/ES1/gl.h:682:25: error: redefinition of 'glad_glBlendFunc' as different kind of symbol
13036-  682 | GL_API void GL_APIENTRY glBlendFunc (GLenum sfactor, GLenum dfactor) OPENGLES_DEPRECATED(ios(2.0, 12.0), tvos(9.0, 12.0));
13037-      |                         ^
13038-/Users/runner/work/Orca-iOS-ipa/Orca-iOS-ipa/orca/src/libvgcode/glad/include/glad/gles2.h:1160:21: note: expanded from macro 'glBlendFunc'
13039- 1160 | #define glBlendFunc glad_glBlendFunc
13040-      |                     ^
13041-/Users/runner/work/Orca-iOS-ipa/Orca-iOS-ipa/orca/src/libvgcode/glad/include/glad/gles2.h:1159:34: note: previous definition is here
13042- 1159 | GLAD_API_CALL PFNGLBLENDFUNCPROC glad_glBlendFunc;
13043-      |                                  ^
13044-In file included from /Users/runner/work/Orca-iOS-ipa/Orca-iOS-ipa/orca/src/slic3r/GUI/OpenGLManager.cpp:17:
13045-In file included from /Users/runner/work/Orca-iOS-ipa/Orca-iOS-ipa/wx-prefix/include/wx-3.3/wx/glcanvas.h:375:
13046-In file included from /Users/runner/work/Orca-iOS-ipa/Orca-iOS-ipa/wx-prefix/include/wx-3.3/wx/osx/glcanvas.h:18:
13047:/Applications/Xcode_16.4.app/Contents/Developer/Platforms/iPhoneSimulator.platform/Developer/SDKs/iPhoneSimulator18.5.sdk/System/Library/Frameworks/OpenGLES.framework/Headers/ES1/gl.h:683:25: error: redefinition of 'glad_glBufferData' as different kind of symbol
13048-  683 | GL_API void GL_APIENTRY glBufferData (GLenum target, GLsizeiptr size, const GLvoid *data, GLenum usage) OPENGLES_DEPRECATED(ios(2.0, 12.0), tvos(9.0, 12.0));
13049-      |                         ^
13050-/Users/runner/work/Orca-iOS-ipa/Orca-iOS-ipa/orca/src/libvgcode/glad/include/glad/gles2.h:1166:22: note: expanded from macro 'glBufferData'
13051- 1166 | #define glBufferData glad_glBufferData
13052-      |                      ^
13053-/Users/runner/work/Orca-iOS-ipa/Orca-iOS-ipa/orca/src/libvgcode/glad/include/glad/gles2.h:1165:35: note: previous definition is here
13054- 1165 | GLAD_API_CALL PFNGLBUFFERDATAPROC glad_glBufferData;
13055-      |                                   ^
13056-In file included from /Users/runner/work/Orca-iOS-ipa/Orca-iOS-ipa/orca/src/slic3r/GUI/OpenGLManager.cpp:17:
13057-In file included from /Users/runner/work/Orca-iOS-ipa/Orca-iOS-ipa/wx-prefix/include/wx-3.3/wx/glcanvas.h:375:
13058-In file included from /Users/runner/work/Orca-iOS-ipa/Orca-iOS-ipa/wx-prefix/include/wx-3.3/wx/osx/glcanvas.h:18:
13059:/Applications/Xcode_16.4.app/Contents/Developer/Platforms/iPhoneSimulator.platform/Developer/SDKs/iPhoneSimulator18.5.sdk/System/Library/Frameworks/OpenGLES.framework/Headers/ES1/gl.h:684:25: error: redefinition of 'glad_glBufferSubData' as different kind of symbol
13060-  684 | GL_API void GL_APIENTRY glBufferSubData (GLenum target, GLintptr offset, GLsizeiptr size, const GLvoid *data) OPENGLES_DEPRECATED(ios(2.0, 12.0), tvos(9.0, 12.0));
13061-      |                         ^
13062-/Users/runner/work/Orca-iOS-ipa/Orca-iOS-ipa/orca/src/libvgcode/glad/include/glad/gles2.h:1168:25: note: expanded from macro 'glBufferSubData'
13063- 1168 | #define glBufferSubData glad_glBufferSubData
13064-      |                         ^
13065-/Users/runner/work/Orca-iOS-ipa/Orca-iOS-ipa/orca/src/libvgcode/glad/include/glad/gles2.h:1167:38: note: previous definition is here
13066- 1167 | GLAD_API_CALL PFNGLBUFFERSUBDATAPROC glad_glBufferSubData;
13067-      |                                      ^
13068-In file included from /Users/runner/work/Orca-iOS-ipa/Orca-iOS-ipa/orca/src/slic3r/GUI/OpenGLManager.cpp:17:
13069-In file included from /Users/runner/work/Orca-iOS-ipa/Orca-iOS-ipa/wx-prefix/include/wx-3.3/wx/glcanvas.h:375:
13070-In file included from /Users/runner/work/Orca-iOS-ipa/Orca-iOS-ipa/wx-prefix/include/wx-3.3/wx/osx/glcanvas.h:18:
13071:/Applications/Xcode_16.4.app/Contents/Developer/Platforms/iPhoneSimulator.platform/Developer/SDKs/iPhoneSimulator18.5.sdk/System/Library/Frameworks/OpenGLES.framework/Headers/ES1/gl.h:685:25: error: redefinition of 'glad_glClear' as different kind of symbol
13072-  685 | GL_API void GL_APIENTRY glClear (GLbitfield mask) OPENGLES_DEPRECATED(ios(2.0, 12.0), tvos(9.0, 12.0));
13073-      |                         ^
13074-/Users/runner/work/Orca-iOS-ipa/Orca-iOS-ipa/orca/src/libvgcode/glad/include/glad/gles2.h:1172:17: note: expanded from macro 'glClear'
13075- 1172 | #define glClear glad_glClear
13076-      |                 ^
13077-/Users/runner/work/Orca-iOS-ipa/Orca-iOS-ipa/orca/src/libvgcode/glad/include/glad/gles2.h:1171:30: note: previous definition is here
13078- 1171 | GLAD_API_CALL PFNGLCLEARPROC glad_glClear;
13079-      |                              ^
13080-In file included from /Users/runner/work/Orca-iOS-ipa/Orca-iOS-ipa/orca/src/slic3r/GUI/OpenGLManager.cpp:17:
13081-In file included from /Users/runner/work/Orca-iOS-ipa/Orca-iOS-ipa/wx-prefix/include/wx-3.3/wx/glcanvas.h:375:
13082-In file included from /Users/runner/work/Orca-iOS-ipa/Orca-iOS-ipa/wx-prefix/include/wx-3.3/wx/osx/glcanvas.h:18:
13083:/Applications/Xcode_16.4.app/Contents/Developer/Platforms/iPhoneSimulator.platform/Developer/SDKs/iPhoneSimulator18.5.sdk/System/Library/Frameworks/OpenGLES.framework/Headers/ES1/gl.h:688:25: error: redefinition of 'glad_glClearStencil' as different kind of symbol
13084-  688 | GL_API void GL_APIENTRY glClearStencil (GLint s) OPENGLES_DEPRECATED(ios(2.0, 12.0), tvos(9.0, 12.0));
13085-      |                         ^
13086-/Users/runner/work/Orca-iOS-ipa/Orca-iOS-ipa/orca/src/libvgcode/glad/include/glad/gles2.h:1186:24: note: expanded from macro 'glClearStencil'
13087- 1186 | #define glClearStencil glad_glClearStencil
13088-      |                        ^
13089-/Users/runner/work/Orca-iOS-ipa/Orca-iOS-ipa/orca/src/libvgcode/glad/include/glad/gles2.h:1185:37: note: previous definition is here
13090- 1185 | GLAD_API_CALL PFNGLCLEARSTENCILPROC glad_glClearStencil;
13091-      |                                     ^
13092-In file included from /Users/runner/work/Orca-iOS-ipa/Orca-iOS-ipa/orca/src/slic3r/GUI/OpenGLManager.cpp:17:
13093-In file included from /Users/runner/work/Orca-iOS-ipa/Orca-iOS-ipa/wx-prefix/include/wx-3.3/wx/glcanvas.h:375:
13094-In file included from /Users/runner/work/Orca-iOS-ipa/Orca-iOS-ipa/wx-prefix/include/wx-3.3/wx/osx/glcanvas.h:18:
13095:/Applications/Xcode_16.4.app/Contents/Developer/Platforms/iPhoneSimulator.platform/Developer/SDKs/iPhoneSimulator18.5.sdk/System/Library/Frameworks/OpenGLES.framework/Headers/ES1/gl.h:693:25: error: redefinition of 'glad_glColorMask' as different kind of symbol
13096-  693 | GL_API void GL_APIENTRY glColorMask (GLboolean red, GLboolean green, GLboolean blue, GLboolean alpha) OPENGLES_DEPRECATED(ios(2.0, 12.0), tvos(9.0, 12.0));
13097-      |                         ^
13098-/Users/runner/work/Orca-iOS-ipa/Orca-iOS-ipa/orca/src/libvgcode/glad/include/glad/gles2.h:1190:21: note: expanded from macro 'glColorMask'
13099- 1190 | #define glColorMask glad_glColorMask
13100-      |                     ^
13101-/Users/runner/work/Orca-iOS-ipa/Orca-iOS-ipa/orca/src/libvgcode/glad/include/glad/gles2.h:1189:34: note: previous definition is here
13102- 1189 | GLAD_API_CALL PFNGLCOLORMASKPROC glad_glColorMask;
13103-      |                                  ^
13104:fatal error: too many errors emitted, stopping now [-ferror-limit=]
13105-20 errors generated.
13106-[467/651] Building CXX object src/slic3r/CMakeFiles/libslic3r_gui.dir/GUI/NotificationManager.cpp.o
13107-In file included from /Users/runner/work/Orca-iOS-ipa/Orca-iOS-ipa/orca/src/slic3r/GUI/NotificationManager.cpp:1:
13108-In file included from /Users/runner/work/Orca-iOS-ipa/Orca-iOS-ipa/orca/src/slic3r/GUI/NotificationManager.hpp:5:
13109-In file included from /Users/runner/work/Orca-iOS-ipa/Orca-iOS-ipa/orca/src/slic3r/GUI/Plater.hpp:20:
13110-In file included from /Users/runner/work/Orca-iOS-ipa/Orca-iOS-ipa/orca/src/slic3r/GUI/Search.hpp:22:
13111-/Users/runner/work/Orca-iOS-ipa/Orca-iOS-ipa/orca/src/slic3r/GUI/Widgets/ScrolledWindow.hpp:18:10: warning: 'ScrolledWindow::Refresh' hides overloaded virtual function [-Woverloaded-virtual]
13112-   18 |     void Refresh();
13113-      |          ^
13114-/Users/runner/work/Orca-iOS-ipa/Orca-iOS-ipa/wx-prefix/include/wx-3.3/wx/osx/window.h:79:18: note: hidden overloaded virtual function 'wxWindow::Refresh' declared here: different number of parameters (2 vs 0)
13115-   79 |     virtual void Refresh( bool eraseBackground = true,
13116-      |                  ^
13117-In file included from /Users/runner/work/Orca-iOS-ipa/Orca-iOS-ipa/orca/src/slic3r/GUI/NotificationManager.cpp:1:
13118-In file included from /Users/runner/work/Orca-iOS-ipa/Orca-iOS-ipa/orca/src/slic3r/GUI/NotificationManager.hpp:5:
13119-In file included from /Users/runner/work/Orca-iOS-ipa/Orca-iOS-ipa/orca/src/slic3r/GUI/Plater.hpp:20:
13120-In file included from /Users/runner/work/Orca-iOS-ipa/Orca-iOS-ipa/orca/src/slic3r/GUI/Search.hpp:22:
13121-/Users/runner/work/Orca-iOS-ipa/Orca-iOS-ipa/orca/src/slic3r/GUI/Widgets/ScrolledWindow.hpp:19:10: warning: 'ScrolledWindow::SetBackgroundColour' hides overloaded virtual function [-Woverloaded-virtual]
13122-   19 |     void SetBackgroundColour(wxColour color);
13123-      |          ^
13124-/Users/runner/work/Orca-iOS-ipa/Orca-iOS-ipa/wx-prefix/include/wx-3.3/wx/osx/window.h:86:18: note: hidden overloaded virtual function 'wxWindow::SetBackgroundColour' declared here: type mismatch at 1st parameter ('const wxColour &' vs 'wxColour')
13125-   86 |     virtual bool SetBackgroundColour( const wxColour &colour ) override;
13126-      |                  ^
13127-In file included from /Users/runner/work/Orca-iOS-ipa/Orca-iOS-ipa/orca/src/slic3r/GUI/NotificationManager.cpp:1:
13128-In file included from /Users/runner/work/Orca-iOS-ipa/Orca-iOS-ipa/orca/src/slic3r/GUI/NotificationManager.hpp:5:
13129-In file included from /Users/runner/work/Orca-iOS-ipa/Orca-iOS-ipa/orca/src/slic3r/GUI/Plater.hpp:20:
13130-/Users/runner/work/Orca-iOS-ipa/Orca-iOS-ipa/orca/src/slic3r/GUI/Search.hpp:220:10: warning: 'Slic3r::Search::SearchDialog::Popup' hides overloaded virtual function [-Woverloaded-virtual]
13131-  220 |     void Popup(wxPoint position = wxDefaultPosition);
13132-      |          ^
13133-/Users/runner/work/Orca-iOS-ipa/Orca-iOS-ipa/wx-prefix/include/wx-3.3/wx/popupwin.h:167:18: note: hidden overloaded virtual function 'wxPopupTransientWindow::Popup' declared here: type mismatch at 1st parameter ('wxWindow *' vs 'wxPoint')
13134-  167 |     virtual void Popup(wxWindow *focus = nullptr) override;
13135-      |                  ^
13136-In file included from /Users/runner/work/Orca-iOS-ipa/Orca-iOS-ipa/orca/src/slic3r/GUI/NotificationManager.cpp:1:
13137-In file included from /Users/runner/work/Orca-iOS-ipa/Orca-iOS-ipa/orca/src/slic3r/GUI/NotificationManager.hpp:5:
13138-In file included from /Users/runner/work/Orca-iOS-ipa/Orca-iOS-ipa/orca/src/slic3r/GUI/Plater.hpp:20:
13139-/Users/runner/work/Orca-iOS-ipa/Orca-iOS-ipa/orca/src/slic3r/GUI/Search.hpp:264:10: warning: 'Slic3r::Search::SearchObjectDialog::Popup' hides overloaded virtual function [-Woverloaded-virtual]
13140-  264 |     void Popup(wxPoint position = wxDefaultPosition);
13141-      |          ^
13142-/Users/runner/work/Orca-iOS-ipa/Orca-iOS-ipa/wx-prefix/include/wx-3.3/wx/popupwin.h:167:18: note: hidden overloaded virtual function 'wxPopupTransientWindow::Popup' declared here: type mismatch at 1st parameter ('wxWindow *' vs 'wxPoint')
13143-  167 |     virtual void Popup(wxWindow *focus = nullptr) override;
13144-      |                  ^
13145-In file included from /Users/runner/work/Orca-iOS-ipa/Orca-iOS-ipa/orca/src/slic3r/GUI/NotificationManager.cpp:1:
13146-In file included from /Users/runner/work/Orca-iOS-ipa/Orca-iOS-ipa/orca/src/slic3r/GUI/NotificationManager.hpp:5:
13147-In file included from /Users/runner/work/Orca-iOS-ipa/Orca-iOS-ipa/orca/src/slic3r/GUI/Plater.hpp:21:
13148-In file included from /Users/runner/work/Orca-iOS-ipa/Orca-iOS-ipa/orca/src/slic3r/GUI/PartPlate.hpp:19:
13149-/Users/runner/work/Orca-iOS-ipa/Orca-iOS-ipa/orca/src/slic3r/GUI/GLCanvas3D.hpp:1153:50: warning: all paths through this function will call itself [-Winfinite-recursion]
13150- 1153 |     ArrangeSettings get_arrange_settings() const {
13151-      |                                                  ^
13152-In file included from /Users/runner/work/Orca-iOS-ipa/Orca-iOS-ipa/orca/src/slic3r/GUI/NotificationManager.cpp:4:
13153-/Users/runner/work/Orca-iOS-ipa/Orca-iOS-ipa/orca/src/slic3r/GUI/SlicingProgressNotification.hpp:56:14: warning: 'Slic3r::GUI::NotificationManager::SlicingProgressNotification::render_text' hides overloaded virtual function [-Woverloaded-virtual]
13154-   56 |     void            render_text(const ImVec2& pos);
13155-      |                     ^
13156-/Users/runner/work/Orca-iOS-ipa/Orca-iOS-ipa/orca/src/slic3r/GUI/NotificationManager.hpp:491:16: note: hidden overloaded virtual function 'Slic3r::GUI::NotificationManager::PopNotification::render_text' declared here: different number of parameters (5 vs 1)
13157-  491 |                 virtual void render_text(ImGuiWrapper& imgui,
13158-      |                              ^
13159-In file included from /Users/runner/work/Orca-iOS-ipa/Orca-iOS-ipa/orca/src/slic3r/GUI/NotificationManager.cpp:4:
13160-/Users/runner/work/Orca-iOS-ipa/Orca-iOS-ipa/orca/src/slic3r/GUI/SlicingProgressNotification.hpp:59:11: warning: 'Slic3r::GUI::NotificationManager::SlicingProgressNotification::render_close_button' hides overloaded virtual function [-Woverloaded-virtual]
13161-   59 |     void                render_close_button(const ImVec2& pos, const ImVec2& size);
13162-      |                         ^
13163-/Users/runner/work/Orca-iOS-ipa/Orca-iOS-ipa/orca/src/slic3r/GUI/NotificationManager.hpp:494:16: note: hidden overloaded virtual function 'Slic3r::GUI::NotificationManager::PopNotification::render_close_button' declared here: different number of parameters (5 vs 2)
13164-  494 |                 virtual void render_close_button(ImGuiWrapper& imgui,
--
13959-      |                         ^
13960-23 warnings generated.
13961-[473/651] Building CXX object src/slic3r/CMakeFiles/libslic3r_gui.dir/GUI/PartPlate.cpp.o
13962:FAILED: [code=1] src/slic3r/CMakeFiles/libslic3r_gui.dir/GUI/PartPlate.cpp.o 
13963-ccache /usr/bin/c++ -DBBL_RELEASE_TO_PUBLIC=1 -DBOOST_NO_CXX98_FUNCTION_BASE -DGIT_COMMIT_HASH=\"395e070a0e\" -DLIBNEST2D_GEOMETRIES_libslic3r -DLIBNEST2D_OPTIMIZER_nlopt -DLIBNEST2D_STATIC -DLIBNEST2D_THREADING_tbb -DNDEBUG -DSLIC3R_CURRENTLY_COMPILING_GUI_MODULE -DSLIC3R_DESKTOP_INTEGRATION -DSLIC3R_GUI -DTBB_USE_CAPTURED_EXCEPTION=0 -DUNICODE -DUSE_TBB -DWXINTL_NO_GETTEXT_MACRO -D_FILE_OFFSET_BITS=64 -D_HAS_AUTO_PTR_ETC=0 -D_UNICODE -D__WXOSX_IPHONE__ -DwxDEBUG_LEVEL=0 -DwxNO_UNSAFE_WXSTRING_CONV -DwxUSE_UNICODE -I/Users/runner/work/Orca-iOS-ipa/Orca-iOS-ipa/orca/src/slic3r/Utils -I/Users/runner/work/Orca-iOS-ipa/Orca-iOS-ipa/orca/build/src/slic3r -I/Users/runner/work/Orca-iOS-ipa/Orca-iOS-ipa/orca/build/src/libslic3r -I/Users/runner/work/Orca-iOS-ipa/Orca-iOS-ipa/orca/src/libvgcode/glad/include -I/Users/runner/work/Orca-iOS-ipa/Orca-iOS-ipa/orca/src/glad/include-es -I/Users/runner/work/Orca-iOS-ipa/Orca-iOS-ipa/orca/src/glad/../libvgcode/glad/include -isystem /Users/runner/work/Orca-iOS-ipa/Orca-iOS-ipa/orca/src -isystem /Users/runner/work/Orca-iOS-ipa/Orca-iOS-ipa/orca/build/src/dev-utils/platform -isystem /Users/runner/work/Orca-iOS-ipa/Orca-iOS-ipa/orca/src/libigl -isystem /Users/runner/work/Orca-iOS-ipa/Orca-iOS-ipa/ios-prefix/usr/local/include/opencascade -isystem /Users/runner/work/Orca-iOS-ipa/Orca-iOS-ipa/ios-prefix/usr/local/include/eigen3 -isystem /Users/runner/work/Orca-iOS-ipa/Orca-iOS-ipa/orca/deps_src/admesh -isystem /Users/runner/work/Orca-iOS-ipa/Orca-iOS-ipa/orca/deps_src/admesh/.. -isystem /Users/runner/work/Orca-iOS-ipa/Orca-iOS-ipa/orca/deps_src/libigl -isystem /Users/runner/work/Orca-iOS-ipa/Orca-iOS-ipa/orca/deps_src/libnest2d/include -isystem /Users/runner/work/Orca-iOS-ipa/Orca-iOS-ipa/ios-prefix/usr/local/include -isystem /Users/runner/work/Orca-iOS-ipa/Orca-iOS-ipa/orca/deps_src/miniz -isystem /Users/runner/work/Orca-iOS-ipa/Orca-iOS-ipa/ios-prefix/usr/local/include/opencv4 -isystem /Users/runner/work/Orca-iOS-ipa/Orca-iOS-ipa/orca/deps_src/imgui -isystem /Users/runner/work/Orca-iOS-ipa/Orca-iOS-ipa/orca/deps_src/imguizmo -isystem /Users/runner/work/Orca-iOS-ipa/Orca-iOS-ipa/orca/deps_src/minilzo -isystem /Users/runner/work/Orca-iOS-ipa/Orca-iOS-ipa/orca/deps_src/hidapi/include -isystem /Users/runner/work/Orca-iOS-ipa/Orca-iOS-ipa/orca/deps_src/mdns -isystem /Users/runner/work/Orca-iOS-ipa/Orca-iOS-ipa/wx-prefix/lib/wx/include/osx_iphone-unicode-static-3.3 -isystem /Users/runner/work/Orca-iOS-ipa/Orca-iOS-ipa/wx-prefix/include/wx-3.3 -Wall -Wno-reorder -Werror=partial-availability -Werror=unguarded-availability -Werror=unguarded-availability-new -O3 -DNDEBUG -std=gnu++17 -arch arm64 -isysroot /Applications/Xcode_16.4.app/Contents/Developer/Platforms/iPhoneSimulator.platform/Developer/SDKs/iPhoneSimulator18.5.sdk -mios-simulator-version-min=17.0 -fPIC -fsigned-char -Werror=return-type -Wno-unused-function -Wno-unused-variable -Wno-unused-but-set-variable -Wno-unused-label -Wno-unused-local-typedefs -Wno-sign-compare -Wno-misleading-indentation -Wno-switch -Wno-ignored-attributes -Wno-deprecated-declarations -Wno-error=enum-constexpr-conversion -Winvalid-pch -Xclang -include-pch -Xclang /Users/runner/work/Orca-iOS-ipa/Orca-iOS-ipa/orca/build/src/slic3r/CMakeFiles/libslic3r_gui.dir/cmake_pch.hxx.pch -Xclang -include -Xclang /Users/runner/work/Orca-iOS-ipa/Orca-iOS-ipa/orca/build/src/slic3r/CMakeFiles/libslic3r_gui.dir/cmake_pch.hxx -MD -MT src/slic3r/CMakeFiles/libslic3r_gui.dir/GUI/PartPlate.cpp.o -MF src/slic3r/CMakeFiles/libslic3r_gui.dir/GUI/PartPlate.cpp.o.d -o src/slic3r/CMakeFiles/libslic3r_gui.dir/GUI/PartPlate.cpp.o -c /Users/runner/work/Orca-iOS-ipa/Orca-iOS-ipa/orca/src/slic3r/GUI/PartPlate.cpp
13964-In file included from /Users/runner/work/Orca-iOS-ipa/Orca-iOS-ipa/orca/src/slic3r/GUI/PartPlate.cpp:31:
13965-In file included from /Users/runner/work/Orca-iOS-ipa/Orca-iOS-ipa/orca/src/slic3r/GUI/BackgroundSlicingProcess.hpp:17:
13966-In file included from /Users/runner/work/Orca-iOS-ipa/Orca-iOS-ipa/orca/src/slic3r/GUI/PartPlate.hpp:15:
13967-In file included from /Users/runner/work/Orca-iOS-ipa/Orca-iOS-ipa/orca/src/slic3r/GUI/Plater.hpp:20:
13968-In file included from /Users/runner/work/Orca-iOS-ipa/Orca-iOS-ipa/orca/src/slic3r/GUI/Search.hpp:22:
13969-/Users/runner/work/Orca-iOS-ipa/Orca-iOS-ipa/orca/src/slic3r/GUI/Widgets/ScrolledWindow.hpp:18:10: warning: 'ScrolledWindow::Refresh' hides overloaded virtual function [-Woverloaded-virtual]
13970-   18 |     void Refresh();
13971-      |          ^
13972-/Users/runner/work/Orca-iOS-ipa/Orca-iOS-ipa/wx-prefix/include/wx-3.3/wx/osx/window.h:79:18: note: hidden overloaded virtual function 'wxWindow::Refresh' declared here: different number of parameters (2 vs 0)
13973-   79 |     virtual void Refresh( bool eraseBackground = true,
13974-      |                  ^
13975-In file included from /Users/runner/work/Orca-iOS-ipa/Orca-iOS-ipa/orca/src/slic3r/GUI/PartPlate.cpp:31:
13976-In file included from /Users/runner/work/Orca-iOS-ipa/Orca-iOS-ipa/orca/src/slic3r/GUI/BackgroundSlicingProcess.hpp:17:
13977-In file included from /Users/runner/work/Orca-iOS-ipa/Orca-iOS-ipa/orca/src/slic3r/GUI/PartPlate.hpp:15:
13978-In file included from /Users/runner/work/Orca-iOS-ipa/Orca-iOS-ipa/orca/src/slic3r/GUI/Plater.hpp:20:
13979-In file included from /Users/runner/work/Orca-iOS-ipa/Orca-iOS-ipa/orca/src/slic3r/GUI/Search.hpp:22:
13980-/Users/runner/work/Orca-iOS-ipa/Orca-iOS-ipa/orca/src/slic3r/GUI/Widgets/ScrolledWindow.hpp:19:10: warning: 'ScrolledWindow::SetBackgroundColour' hides overloaded virtual function [-Woverloaded-virtual]
13981-   19 |     void SetBackgroundColour(wxColour color);
13982-      |          ^
13983-/Users/runner/work/Orca-iOS-ipa/Orca-iOS-ipa/wx-prefix/include/wx-3.3/wx/osx/window.h:86:18: note: hidden overloaded virtual function 'wxWindow::SetBackgroundColour' declared here: type mismatch at 1st parameter ('const wxColour &' vs 'wxColour')
13984-   86 |     virtual bool SetBackgroundColour( const wxColour &colour ) override;
13985-      |                  ^
13986-In file included from /Users/runner/work/Orca-iOS-ipa/Orca-iOS-ipa/orca/src/slic3r/GUI/PartPlate.cpp:31:
13987-In file included from /Users/runner/work/Orca-iOS-ipa/Orca-iOS-ipa/orca/src/slic3r/GUI/BackgroundSlicingProcess.hpp:17:
13988-In file included from /Users/runner/work/Orca-iOS-ipa/Orca-iOS-ipa/orca/src/slic3r/GUI/PartPlate.hpp:15:
13989-In file included from /Users/runner/work/Orca-iOS-ipa/Orca-iOS-ipa/orca/src/slic3r/GUI/Plater.hpp:20:
13990-/Users/runner/work/Orca-iOS-ipa/Orca-iOS-ipa/orca/src/slic3r/GUI/Search.hpp:220:10: warning: 'Slic3r::Search::SearchDialog::Popup' hides overloaded virtual function [-Woverloaded-virtual]
13991-  220 |     void Popup(wxPoint position = wxDefaultPosition);
13992-      |          ^
13993-/Users/runner/work/Orca-iOS-ipa/Orca-iOS-ipa/wx-prefix/include/wx-3.3/wx/popupwin.h:167:18: note: hidden overloaded virtual function 'wxPopupTransientWindow::Popup' declared here: type mismatch at 1st parameter ('wxWindow *' vs 'wxPoint')
13994-  167 |     virtual void Popup(wxWindow *focus = nullptr) override;
13995-      |                  ^
13996-In file included from /Users/runner/work/Orca-iOS-ipa/Orca-iOS-ipa/orca/src/slic3r/GUI/PartPlate.cpp:31:
13997-In file included from /Users/runner/work/Orca-iOS-ipa/Orca-iOS-ipa/orca/src/slic3r/GUI/BackgroundSlicingProcess.hpp:17:
13998-In file included from /Users/runner/work/Orca-iOS-ipa/Orca-iOS-ipa/orca/src/slic3r/GUI/PartPlate.hpp:15:
13999-In file included from /Users/runner/work/Orca-iOS-ipa/Orca-iOS-ipa/orca/src/slic3r/GUI/Plater.hpp:20:
14000-/Users/runner/work/Orca-iOS-ipa/Orca-iOS-ipa/orca/src/slic3r/GUI/Search.hpp:264:10: warning: 'Slic3r::Search::SearchObjectDialog::Popup' hides overloaded virtual function [-Woverloaded-virtual]
14001-  264 |     void Popup(wxPoint position = wxDefaultPosition);
14002-      |          ^
14003-/Users/runner/work/Orca-iOS-ipa/Orca-iOS-ipa/wx-prefix/include/wx-3.3/wx/popupwin.h:167:18: note: hidden overloaded virtual function 'wxPopupTransientWindow::Popup' declared here: type mismatch at 1st parameter ('wxWindow *' vs 'wxPoint')
14004-  167 |     virtual void Popup(wxWindow *focus = nullptr) override;
14005-      |                  ^
14006-In file included from /Users/runner/work/Orca-iOS-ipa/Orca-iOS-ipa/orca/src/slic3r/GUI/PartPlate.cpp:31:
14007-In file included from /Users/runner/work/Orca-iOS-ipa/Orca-iOS-ipa/orca/src/slic3r/GUI/BackgroundSlicingProcess.hpp:17:
14008-In file included from /Users/runner/work/Orca-iOS-ipa/Orca-iOS-ipa/orca/src/slic3r/GUI/PartPlate.hpp:19:
14009-/Users/runner/work/Orca-iOS-ipa/Orca-iOS-ipa/orca/src/slic3r/GUI/GLCanvas3D.hpp:1153:50: warning: all paths through this function will call itself [-Winfinite-recursion]
14010- 1153 |     ArrangeSettings get_arrange_settings() const {
14011-      |                                                  ^
14012-In file included from /Users/runner/work/Orca-iOS-ipa/Orca-iOS-ipa/orca/src/slic3r/GUI/PartPlate.cpp:39:
14013-In file included from /Users/runner/work/Orca-iOS-ipa/Orca-iOS-ipa/orca/src/slic3r/GUI/Tab.hpp:35:
14014-In file included from /Users/runner/work/Orca-iOS-ipa/Orca-iOS-ipa/orca/src/slic3r/GUI/ConfigManipulation.hpp:12:
14015-/Users/runner/work/Orca-iOS-ipa/Orca-iOS-ipa/orca/src/slic3r/GUI/Field.hpp:385:18: warning: 'propagate_value' overrides a member function but is not marked 'override' [-Winconsistent-missing-override]
14016-  385 |     void                propagate_value() ;
14017-      |                         ^
14018-/Users/runner/work/Orca-iOS-ipa/Orca-iOS-ipa/orca/src/slic3r/GUI/Field.hpp:193:18: note: overridden virtual function is here
14019-  193 |     virtual void propagate_value(){}
14020-      |                  ^
14021-/Users/runner/work/Orca-iOS-ipa/Orca-iOS-ipa/orca/src/slic3r/GUI/Field.hpp:440:9: warning: 'propagate_value' overrides a member function but is not marked 'override' [-Winconsistent-missing-override]
14022-  440 |         void                    propagate_value();
--
14051-/Users/runner/work/Orca-iOS-ipa/Orca-iOS-ipa/orca/src/slic3r/GUI/Tab.hpp:484:8: note: overridden virtual function is here
14052-  484 |         void            reload_config() override;
14053-      |                         ^
14054:/Users/runner/work/Orca-iOS-ipa/Orca-iOS-ipa/orca/src/slic3r/GUI/PartPlate.cpp:938:12: error: no member named 'glColor4fv' in the global namespace
14055-  938 |                 glsafe(::glColor4fv(select_color.data()));
14056-      |                        ~~^
14057-/Users/runner/work/Orca-iOS-ipa/Orca-iOS-ipa/orca/src/slic3r/GUI/3DScene.hpp:33:25: note: expanded from macro 'glsafe'
14058-   33 |     #define glsafe(cmd) cmd
14059-      |                         ^~~
14060:/Users/runner/work/Orca-iOS-ipa/Orca-iOS-ipa/orca/src/slic3r/GUI/PartPlate.cpp:941:12: error: no member named 'glColor4fv' in the global namespace
14061-  941 |                 glsafe(::glColor4fv(unselect_color.data()));
14062-      |                        ~~^
14063-/Users/runner/work/Orca-iOS-ipa/Orca-iOS-ipa/orca/src/slic3r/GUI/3DScene.hpp:33:25: note: expanded from macro 'glsafe'
14064-   33 |     #define glsafe(cmd) cmd
14065-      |                         ^~~
14066-/Users/runner/work/Orca-iOS-ipa/Orca-iOS-ipa/orca/src/slic3r/GUI/PartPlate.cpp:1096:55: warning: braces around scalar initializer [-Wbraced-scalar-init]
14067- 1096 |     ImGui::PushStyleVar(ImGuiStyleVar_WindowRounding, {3 * scale});
14068-      |                                                       ^~~~~~~~~~~
14069-12 warnings and 2 errors generated.
14070-[474/651] Building CXX object src/slic3r/CMakeFiles/libslic3r_gui.dir/GUI/ParamsPanel.cpp.o
14071-In file included from /Users/runner/work/Orca-iOS-ipa/Orca-iOS-ipa/orca/src/slic3r/GUI/ParamsPanel.cpp:10:
14072-In file included from /Users/runner/work/Orca-iOS-ipa/Orca-iOS-ipa/orca/src/slic3r/GUI/Tab.hpp:35:
14073-In file included from /Users/runner/work/Orca-iOS-ipa/Orca-iOS-ipa/orca/src/slic3r/GUI/ConfigManipulation.hpp:12:
14074-In file included from /Users/runner/work/Orca-iOS-ipa/Orca-iOS-ipa/orca/src/slic3r/GUI/Field.hpp:27:
14075-/Users/runner/work/Orca-iOS-ipa/Orca-iOS-ipa/orca/src/slic3r/GUI/Widgets/TextInput.hpp:46:10: warning: 'SetLabel' overrides a member function but is not marked 'override' [-Winconsistent-missing-override]
14076-   46 |     void SetLabel(const wxString& label);
14077-      |          ^
14078-/Users/runner/work/Orca-iOS-ipa/Orca-iOS-ipa/wx-prefix/include/wx-3.3/wx/osx/window.h:56:18: note: overridden virtual function is here
14079-   56 |     virtual void SetLabel( const wxString& label ) override;
14080-      |                  ^
14081-In file included from /Users/runner/work/Orca-iOS-ipa/Orca-iOS-ipa/orca/src/slic3r/GUI/ParamsPanel.cpp:10:
14082-In file included from /Users/runner/work/Orca-iOS-ipa/Orca-iOS-ipa/orca/src/slic3r/GUI/Tab.hpp:35:
14083-In file included from /Users/runner/work/Orca-iOS-ipa/Orca-iOS-ipa/orca/src/slic3r/GUI/ConfigManipulation.hpp:12:
14084-In file included from /Users/runner/work/Orca-iOS-ipa/Orca-iOS-ipa/orca/src/slic3r/GUI/Field.hpp:27:
14085-/Users/runner/work/Orca-iOS-ipa/Orca-iOS-ipa/orca/src/slic3r/GUI/Widgets/TextInput.hpp:72:18: warning: 'DoSetSize' overrides a member function but is not marked 'override' [-Winconsistent-missing-override]
14086-   72 |     virtual void DoSetSize(
14087-      |                  ^
14088-/Users/runner/work/Orca-iOS-ipa/Orca-iOS-ipa/wx-prefix/include/wx-3.3/wx/osx/window.h:379:18: note: overridden virtual function is here
14089-  379 |     virtual void DoSetSize(int x, int y,
14090-      |                  ^
14091-In file included from /Users/runner/work/Orca-iOS-ipa/Orca-iOS-ipa/orca/src/slic3r/GUI/ParamsPanel.cpp:10:
14092-In file included from /Users/runner/work/Orca-iOS-ipa/Orca-iOS-ipa/orca/src/slic3r/GUI/Tab.hpp:35:
14093-In file included from /Users/runner/work/Orca-iOS-ipa/Orca-iOS-ipa/orca/src/slic3r/GUI/ConfigManipulation.hpp:12:
14094-In file included from /Users/runner/work/Orca-iOS-ipa/Orca-iOS-ipa/orca/src/slic3r/GUI/Field.hpp:27:
14095-/Users/runner/work/Orca-iOS-ipa/Orca-iOS-ipa/orca/src/slic3r/GUI/Widgets/TextInput.hpp:75:10: warning: 'DoSetToolTipText' overrides a member function but is not marked 'override' [-Winconsistent-missing-override]
14096-   75 |     void DoSetToolTipText(wxString const &tip);
14097-      |          ^
14098-/Users/runner/work/Orca-iOS-ipa/Orca-iOS-ipa/wx-prefix/include/wx-3.3/wx/window.h:2005:18: note: overridden virtual function is here
14099- 2005 |     virtual void DoSetToolTipText( const wxString &tip );
14100-      |                  ^
14101-In file included from /Users/runner/work/Orca-iOS-ipa/Orca-iOS-ipa/orca/src/slic3r/GUI/ParamsPanel.cpp:10:
14102-In file included from /Users/runner/work/Orca-iOS-ipa/Orca-iOS-ipa/orca/src/slic3r/GUI/Tab.hpp:35:
14103-In file included from /Users/runner/work/Orca-iOS-ipa/Orca-iOS-ipa/orca/src/slic3r/GUI/ConfigManipulation.hpp:12:
14104-/Users/runner/work/Orca-iOS-ipa/Orca-iOS-ipa/orca/src/slic3r/GUI/Field.hpp:385:18: warning: 'propagate_value' overrides a member function but is not marked 'override' [-Winconsistent-missing-override]
14105-  385 |     void                propagate_value() ;
14106-      |                         ^
14107-/Users/runner/work/Orca-iOS-ipa/Orca-iOS-ipa/orca/src/slic3r/GUI/Field.hpp:193:18: note: overridden virtual function is here
14108-  193 |     virtual void propagate_value(){}
14109-      |                  ^
14110-/Users/runner/work/Orca-iOS-ipa/Orca-iOS-ipa/orca/src/slic3r/GUI/Field.hpp:440:9: warning: 'propagate_value' overrides a member function but is not marked 'override' [-Winconsistent-missing-override]
14111-  440 |         void                    propagate_value();
14112-      |                                 ^
14113-/Users/runner/work/Orca-iOS-ipa/Orca-iOS-ipa/orca/src/slic3r/GUI/Field.hpp:193:18: note: overridden virtual function is here
14114-  193 |     virtual void propagate_value(){}
14115-      |                  ^
14116-/Users/runner/work/Orca-iOS-ipa/Orca-iOS-ipa/orca/src/slic3r/GUI/Field.hpp:522:21: warning: 'Slic3r::GUI::PointCtrl::propagate_value' hides overloaded virtual function [-Woverloaded-virtual]
14117-  522 |     void            propagate_value(wxTextCtrl* win);
14118-      |                     ^
14119-/Users/runner/work/Orca-iOS-ipa/Orca-iOS-ipa/orca/src/slic3r/GUI/Field.hpp:193:18: note: hidden overloaded virtual function 'Slic3r::GUI::Field::propagate_value' declared here: different number of parameters (0 vs 1)
14120-  193 |     virtual void propagate_value(){}
--
14307-      |                                                  ^
14308-5 warnings generated.
14309-[476/651] Building CXX object src/slic3r/CMakeFiles/libslic3r_gui.dir/GUI/Plater.cpp.o
14310:FAILED: [code=1] src/slic3r/CMakeFiles/libslic3r_gui.dir/GUI/Plater.cpp.o 
14311-ccache /usr/bin/c++ -DBBL_RELEASE_TO_PUBLIC=1 -DBOOST_NO_CXX98_FUNCTION_BASE -DGIT_COMMIT_HASH=\"395e070a0e\" -DLIBNEST2D_GEOMETRIES_libslic3r -DLIBNEST2D_OPTIMIZER_nlopt -DLIBNEST2D_STATIC -DLIBNEST2D_THREADING_tbb -DNDEBUG -DSLIC3R_CURRENTLY_COMPILING_GUI_MODULE -DSLIC3R_DESKTOP_INTEGRATION -DSLIC3R_GUI -DTBB_USE_CAPTURED_EXCEPTION=0 -DUNICODE -DUSE_TBB -DWXINTL_NO_GETTEXT_MACRO -D_FILE_OFFSET_BITS=64 -D_HAS_AUTO_PTR_ETC=0 -D_UNICODE -D__WXOSX_IPHONE__ -DwxDEBUG_LEVEL=0 -DwxNO_UNSAFE_WXSTRING_CONV -DwxUSE_UNICODE -I/Users/runner/work/Orca-iOS-ipa/Orca-iOS-ipa/orca/src/slic3r/Utils -I/Users/runner/work/Orca-iOS-ipa/Orca-iOS-ipa/orca/build/src/slic3r -I/Users/runner/work/Orca-iOS-ipa/Orca-iOS-ipa/orca/build/src/libslic3r -I/Users/runner/work/Orca-iOS-ipa/Orca-iOS-ipa/orca/src/libvgcode/glad/include -I/Users/runner/work/Orca-iOS-ipa/Orca-iOS-ipa/orca/src/glad/include-es -I/Users/runner/work/Orca-iOS-ipa/Orca-iOS-ipa/orca/src/glad/../libvgcode/glad/include -isystem /Users/runner/work/Orca-iOS-ipa/Orca-iOS-ipa/orca/src -isystem /Users/runner/work/Orca-iOS-ipa/Orca-iOS-ipa/orca/build/src/dev-utils/platform -isystem /Users/runner/work/Orca-iOS-ipa/Orca-iOS-ipa/orca/src/libigl -isystem /Users/runner/work/Orca-iOS-ipa/Orca-iOS-ipa/ios-prefix/usr/local/include/opencascade -isystem /Users/runner/work/Orca-iOS-ipa/Orca-iOS-ipa/ios-prefix/usr/local/include/eigen3 -isystem /Users/runner/work/Orca-iOS-ipa/Orca-iOS-ipa/orca/deps_src/admesh -isystem /Users/runner/work/Orca-iOS-ipa/Orca-iOS-ipa/orca/deps_src/admesh/.. -isystem /Users/runner/work/Orca-iOS-ipa/Orca-iOS-ipa/orca/deps_src/libigl -isystem /Users/runner/work/Orca-iOS-ipa/Orca-iOS-ipa/orca/deps_src/libnest2d/include -isystem /Users/runner/work/Orca-iOS-ipa/Orca-iOS-ipa/ios-prefix/usr/local/include -isystem /Users/runner/work/Orca-iOS-ipa/Orca-iOS-ipa/orca/deps_src/miniz -isystem /Users/runner/work/Orca-iOS-ipa/Orca-iOS-ipa/ios-prefix/usr/local/include/opencv4 -isystem /Users/runner/work/Orca-iOS-ipa/Orca-iOS-ipa/orca/deps_src/imgui -isystem /Users/runner/work/Orca-iOS-ipa/Orca-iOS-ipa/orca/deps_src/imguizmo -isystem /Users/runner/work/Orca-iOS-ipa/Orca-iOS-ipa/orca/deps_src/minilzo -isystem /Users/runner/work/Orca-iOS-ipa/Orca-iOS-ipa/orca/deps_src/hidapi/include -isystem /Users/runner/work/Orca-iOS-ipa/Orca-iOS-ipa/orca/deps_src/mdns -isystem /Users/runner/work/Orca-iOS-ipa/Orca-iOS-ipa/wx-prefix/lib/wx/include/osx_iphone-unicode-static-3.3 -isystem /Users/runner/work/Orca-iOS-ipa/Orca-iOS-ipa/wx-prefix/include/wx-3.3 -Wall -Wno-reorder -Werror=partial-availability -Werror=unguarded-availability -Werror=unguarded-availability-new -O3 -DNDEBUG -std=gnu++17 -arch arm64 -isysroot /Applications/Xcode_16.4.app/Contents/Developer/Platforms/iPhoneSimulator.platform/Developer/SDKs/iPhoneSimulator18.5.sdk -mios-simulator-version-min=17.0 -fPIC -fsigned-char -Werror=return-type -Wno-unused-function -Wno-unused-variable -Wno-unused-but-set-variable -Wno-unused-label -Wno-unused-local-typedefs -Wno-sign-compare -Wno-misleading-indentation -Wno-switch -Wno-ignored-attributes -Wno-deprecated-declarations -Wno-error=enum-constexpr-conversion -Winvalid-pch -Xclang -include-pch -Xclang /Users/runner/work/Orca-iOS-ipa/Orca-iOS-ipa/orca/build/src/slic3r/CMakeFiles/libslic3r_gui.dir/cmake_pch.hxx.pch -Xclang -include -Xclang /Users/runner/work/Orca-iOS-ipa/Orca-iOS-ipa/orca/build/src/slic3r/CMakeFiles/libslic3r_gui.dir/cmake_pch.hxx -MD -MT src/slic3r/CMakeFiles/libslic3r_gui.dir/GUI/Plater.cpp.o -MF src/slic3r/CMakeFiles/libslic3r_gui.dir/GUI/Plater.cpp.o.d -o src/slic3r/CMakeFiles/libslic3r_gui.dir/GUI/Plater.cpp.o -c /Users/runner/work/Orca-iOS-ipa/Orca-iOS-ipa/orca/src/slic3r/GUI/Plater.cpp
14312-In file included from /Users/runner/work/Orca-iOS-ipa/Orca-iOS-ipa/orca/src/slic3r/GUI/Plater.cpp:1:
14313-In file included from /Users/runner/work/Orca-iOS-ipa/Orca-iOS-ipa/orca/src/slic3r/GUI/Plater.hpp:20:
14314-In file included from /Users/runner/work/Orca-iOS-ipa/Orca-iOS-ipa/orca/src/slic3r/GUI/Search.hpp:22:
14315-/Users/runner/work/Orca-iOS-ipa/Orca-iOS-ipa/orca/src/slic3r/GUI/Widgets/ScrolledWindow.hpp:18:10: warning: 'ScrolledWindow::Refresh' hides overloaded virtual function [-Woverloaded-virtual]
14316-   18 |     void Refresh();
14317-      |          ^
14318-/Users/runner/work/Orca-iOS-ipa/Orca-iOS-ipa/wx-prefix/include/wx-3.3/wx/osx/window.h:79:18: note: hidden overloaded virtual function 'wxWindow::Refresh' declared here: different number of parameters (2 vs 0)
14319-   79 |     virtual void Refresh( bool eraseBackground = true,
14320-      |                  ^
14321-In file included from /Users/runner/work/Orca-iOS-ipa/Orca-iOS-ipa/orca/src/slic3r/GUI/Plater.cpp:1:
14322-In file included from /Users/runner/work/Orca-iOS-ipa/Orca-iOS-ipa/orca/src/slic3r/GUI/Plater.hpp:20:
14323-In file included from /Users/runner/work/Orca-iOS-ipa/Orca-iOS-ipa/orca/src/slic3r/GUI/Search.hpp:22:
14324-/Users/runner/work/Orca-iOS-ipa/Orca-iOS-ipa/orca/src/slic3r/GUI/Widgets/ScrolledWindow.hpp:19:10: warning: 'ScrolledWindow::SetBackgroundColour' hides overloaded virtual function [-Woverloaded-virtual]
14325-   19 |     void SetBackgroundColour(wxColour color);
14326-      |          ^
14327-/Users/runner/work/Orca-iOS-ipa/Orca-iOS-ipa/wx-prefix/include/wx-3.3/wx/osx/window.h:86:18: note: hidden overloaded virtual function 'wxWindow::SetBackgroundColour' declared here: type mismatch at 1st parameter ('const wxColour &' vs 'wxColour')
14328-   86 |     virtual bool SetBackgroundColour( const wxColour &colour ) override;
14329-      |                  ^
14330-In file included from /Users/runner/work/Orca-iOS-ipa/Orca-iOS-ipa/orca/src/slic3r/GUI/Plater.cpp:1:
14331-In file included from /Users/runner/work/Orca-iOS-ipa/Orca-iOS-ipa/orca/src/slic3r/GUI/Plater.hpp:20:
14332-In file included from /Users/runner/work/Orca-iOS-ipa/Orca-iOS-ipa/orca/src/slic3r/GUI/Search.hpp:23:
14333-/Users/runner/work/Orca-iOS-ipa/Orca-iOS-ipa/orca/src/slic3r/GUI/Widgets/TextInput.hpp:46:10: warning: 'SetLabel' overrides a member function but is not marked 'override' [-Winconsistent-missing-override]
14334-   46 |     void SetLabel(const wxString& label);
14335-      |          ^
14336-/Users/runner/work/Orca-iOS-ipa/Orca-iOS-ipa/wx-prefix/include/wx-3.3/wx/osx/window.h:56:18: note: overridden virtual function is here
14337-   56 |     virtual void SetLabel( const wxString& label ) override;
14338-      |                  ^
14339-In file included from /Users/runner/work/Orca-iOS-ipa/Orca-iOS-ipa/orca/src/slic3r/GUI/Plater.cpp:1:
14340-In file included from /Users/runner/work/Orca-iOS-ipa/Orca-iOS-ipa/orca/src/slic3r/GUI/Plater.hpp:20:
14341-In file included from /Users/runner/work/Orca-iOS-ipa/Orca-iOS-ipa/orca/src/slic3r/GUI/Search.hpp:23:
14342-/Users/runner/work/Orca-iOS-ipa/Orca-iOS-ipa/orca/src/slic3r/GUI/Widgets/TextInput.hpp:72:18: warning: 'DoSetSize' overrides a member function but is not marked 'override' [-Winconsistent-missing-override]
14343-   72 |     virtual void DoSetSize(
14344-      |                  ^
14345-/Users/runner/work/Orca-iOS-ipa/Orca-iOS-ipa/wx-prefix/include/wx-3.3/wx/osx/window.h:379:18: note: overridden virtual function is here
14346-  379 |     virtual void DoSetSize(int x, int y,
14347-      |                  ^
14348-In file included from /Users/runner/work/Orca-iOS-ipa/Orca-iOS-ipa/orca/src/slic3r/GUI/Plater.cpp:1:
14349-In file included from /Users/runner/work/Orca-iOS-ipa/Orca-iOS-ipa/orca/src/slic3r/GUI/Plater.hpp:20:
14350-In file included from /Users/runner/work/Orca-iOS-ipa/Orca-iOS-ipa/orca/src/slic3r/GUI/Search.hpp:23:
14351-/Users/runner/work/Orca-iOS-ipa/Orca-iOS-ipa/orca/src/slic3r/GUI/Widgets/TextInput.hpp:75:10: warning: 'DoSetToolTipText' overrides a member function but is not marked 'override' [-Winconsistent-missing-override]
14352-   75 |     void DoSetToolTipText(wxString const &tip);
14353-      |          ^
14354-/Users/runner/work/Orca-iOS-ipa/Orca-iOS-ipa/wx-prefix/include/wx-3.3/wx/window.h:2005:18: note: overridden virtual function is here
14355- 2005 |     virtual void DoSetToolTipText( const wxString &tip );
14356-      |                  ^
14357-In file included from /Users/runner/work/Orca-iOS-ipa/Orca-iOS-ipa/orca/src/slic3r/GUI/Plater.cpp:1:
14358-In file included from /Users/runner/work/Orca-iOS-ipa/Orca-iOS-ipa/orca/src/slic3r/GUI/Plater.hpp:20:
14359-/Users/runner/work/Orca-iOS-ipa/Orca-iOS-ipa/orca/src/slic3r/GUI/Search.hpp:220:10: warning: 'Slic3r::Search::SearchDialog::Popup' hides overloaded virtual function [-Woverloaded-virtual]
14360-  220 |     void Popup(wxPoint position = wxDefaultPosition);
14361-      |          ^
14362-/Users/runner/work/Orca-iOS-ipa/Orca-iOS-ipa/wx-prefix/include/wx-3.3/wx/popupwin.h:167:18: note: hidden overloaded virtual function 'wxPopupTransientWindow::Popup' declared here: type mismatch at 1st parameter ('wxWindow *' vs 'wxPoint')
14363-  167 |     virtual void Popup(wxWindow *focus = nullptr) override;
14364-      |                  ^
14365-In file included from /Users/runner/work/Orca-iOS-ipa/Orca-iOS-ipa/orca/src/slic3r/GUI/Plater.cpp:1:
14366-In file included from /Users/runner/work/Orca-iOS-ipa/Orca-iOS-ipa/orca/src/slic3r/GUI/Plater.hpp:20:
14367-/Users/runner/work/Orca-iOS-ipa/Orca-iOS-ipa/orca/src/slic3r/GUI/Search.hpp:264:10: warning: 'Slic3r::Search::SearchObjectDialog::Popup' hides overloaded virtual function [-Woverloaded-virtual]
14368-  264 |     void Popup(wxPoint position = wxDefaultPosition);
14369-      |          ^
14370-/Users/runner/work/Orca-iOS-ipa/Orca-iOS-ipa/wx-prefix/include/wx-3.3/wx/popupwin.h:167:18: note: hidden overloaded virtual function 'wxPopupTransientWindow::Popup' declared here: type mismatch at 1st parameter ('wxWindow *' vs 'wxPoint')
--
14579-In file included from /Users/runner/work/Orca-iOS-ipa/Orca-iOS-ipa/orca/src/slic3r/GUI/Plater.cpp:151:
14580-In file included from /Users/runner/work/Orca-iOS-ipa/Orca-iOS-ipa/wx-prefix/include/wx-3.3/wx/glcanvas.h:375:
14581-In file included from /Users/runner/work/Orca-iOS-ipa/Orca-iOS-ipa/wx-prefix/include/wx-3.3/wx/osx/glcanvas.h:18:
14582:/Applications/Xcode_16.4.app/Contents/Developer/Platforms/iPhoneSimulator.platform/Developer/SDKs/iPhoneSimulator18.5.sdk/System/Library/Frameworks/OpenGLES.framework/Headers/ES1/gl.h:639:25: error: redefinition of 'glad_glClearColor' as different kind of symbol
14583-  639 | GL_API void GL_APIENTRY glClearColor (GLclampf red, GLclampf green, GLclampf blue, GLclampf alpha) OPENGLES_DEPRECATED(ios(2.0, 12.0), tvos(9.0, 12.0));
14584-      |                         ^
14585-/Users/runner/work/Orca-iOS-ipa/Orca-iOS-ipa/orca/src/libvgcode/glad/include/glad/gles2.h:1182:22: note: expanded from macro 'glClearColor'
14586- 1182 | #define glClearColor glad_glClearColor
14587-      |                      ^
14588-/Users/runner/work/Orca-iOS-ipa/Orca-iOS-ipa/orca/src/libvgcode/glad/include/glad/gles2.h:1181:35: note: previous definition is here
14589- 1181 | GLAD_API_CALL PFNGLCLEARCOLORPROC glad_glClearColor;
14590-      |                                   ^
14591-In file included from /Users/runner/work/Orca-iOS-ipa/Orca-iOS-ipa/orca/src/slic3r/GUI/Plater.cpp:151:
14592-In file included from /Users/runner/work/Orca-iOS-ipa/Orca-iOS-ipa/wx-prefix/include/wx-3.3/wx/glcanvas.h:375:
14593-In file included from /Users/runner/work/Orca-iOS-ipa/Orca-iOS-ipa/wx-prefix/include/wx-3.3/wx/osx/glcanvas.h:18:
14594:/Applications/Xcode_16.4.app/Contents/Developer/Platforms/iPhoneSimulator.platform/Developer/SDKs/iPhoneSimulator18.5.sdk/System/Library/Frameworks/OpenGLES.framework/Headers/ES1/gl.h:640:25: error: redefinition of 'glad_glClearDepthf' as different kind of symbol
14595-  640 | GL_API void GL_APIENTRY glClearDepthf (GLclampf depth) OPENGLES_DEPRECATED(ios(2.0, 12.0), tvos(9.0, 12.0));
14596-      |                         ^
14597-/Users/runner/work/Orca-iOS-ipa/Orca-iOS-ipa/orca/src/libvgcode/glad/include/glad/gles2.h:1184:23: note: expanded from macro 'glClearDepthf'
14598- 1184 | #define glClearDepthf glad_glClearDepthf
14599-      |                       ^
14600-/Users/runner/work/Orca-iOS-ipa/Orca-iOS-ipa/orca/src/libvgcode/glad/include/glad/gles2.h:1183:36: note: previous definition is here
14601- 1183 | GLAD_API_CALL PFNGLCLEARDEPTHFPROC glad_glClearDepthf;
14602-      |                                    ^
14603-In file included from /Users/runner/work/Orca-iOS-ipa/Orca-iOS-ipa/orca/src/slic3r/GUI/Plater.cpp:151:
14604-In file included from /Users/runner/work/Orca-iOS-ipa/Orca-iOS-ipa/wx-prefix/include/wx-3.3/wx/glcanvas.h:375:
14605-In file included from /Users/runner/work/Orca-iOS-ipa/Orca-iOS-ipa/wx-prefix/include/wx-3.3/wx/osx/glcanvas.h:18:
14606:/Applications/Xcode_16.4.app/Contents/Developer/Platforms/iPhoneSimulator.platform/Developer/SDKs/iPhoneSimulator18.5.sdk/System/Library/Frameworks/OpenGLES.framework/Headers/ES1/gl.h:643:25: error: redefinition of 'glad_glDepthRangef' as different kind of symbol
14607-  643 | GL_API void GL_APIENTRY glDepthRangef (GLclampf zNear, GLclampf zFar) OPENGLES_DEPRECATED(ios(2.0, 12.0), tvos(9.0, 12.0));
14608-      |                         ^
14609-/Users/runner/work/Orca-iOS-ipa/Orca-iOS-ipa/orca/src/libvgcode/glad/include/glad/gles2.h:1242:23: note: expanded from macro 'glDepthRangef'
14610- 1242 | #define glDepthRangef glad_glDepthRangef
14611-      |                       ^
14612-/Users/runner/work/Orca-iOS-ipa/Orca-iOS-ipa/orca/src/libvgcode/glad/include/glad/gles2.h:1241:36: note: previous definition is here
14613- 1241 | GLAD_API_CALL PFNGLDEPTHRANGEFPROC glad_glDepthRangef;
14614-      |                                    ^
14615-In file included from /Users/runner/work/Orca-iOS-ipa/Orca-iOS-ipa/orca/src/slic3r/GUI/Plater.cpp:151:
14616-In file included from /Users/runner/work/Orca-iOS-ipa/Orca-iOS-ipa/wx-prefix/include/wx-3.3/wx/glcanvas.h:375:
14617-In file included from /Users/runner/work/Orca-iOS-ipa/Orca-iOS-ipa/wx-prefix/include/wx-3.3/wx/osx/glcanvas.h:18:
14618:/Applications/Xcode_16.4.app/Contents/Developer/Platforms/iPhoneSimulator.platform/Developer/SDKs/iPhoneSimulator18.5.sdk/System/Library/Frameworks/OpenGLES.framework/Headers/ES1/gl.h:648:25: error: redefinition of 'glad_glGetFloatv' as different kind of symbol
14619-  648 | GL_API void GL_APIENTRY glGetFloatv (GLenum pname, GLfloat *params) OPENGLES_DEPRECATED(ios(2.0, 12.0), tvos(9.0, 12.0));
14620-      |                         ^
14621-/Users/runner/work/Orca-iOS-ipa/Orca-iOS-ipa/orca/src/libvgcode/glad/include/glad/gles2.h:1328:21: note: expanded from macro 'glGetFloatv'
14622- 1328 | #define glGetFloatv glad_glGetFloatv
14623-      |                     ^
14624-/Users/runner/work/Orca-iOS-ipa/Orca-iOS-ipa/orca/src/libvgcode/glad/include/glad/gles2.h:1327:34: note: previous definition is here
14625- 1327 | GLAD_API_CALL PFNGLGETFLOATVPROC glad_glGetFloatv;
14626-      |                                  ^
14627-In file included from /Users/runner/work/Orca-iOS-ipa/Orca-iOS-ipa/orca/src/slic3r/GUI/Plater.cpp:151:
14628-In file included from /Users/runner/work/Orca-iOS-ipa/Orca-iOS-ipa/wx-prefix/include/wx-3.3/wx/glcanvas.h:375:
14629-In file included from /Users/runner/work/Orca-iOS-ipa/Orca-iOS-ipa/wx-prefix/include/wx-3.3/wx/osx/glcanvas.h:18:
14630:/Applications/Xcode_16.4.app/Contents/Developer/Platforms/iPhoneSimulator.platform/Developer/SDKs/iPhoneSimulator18.5.sdk/System/Library/Frameworks/OpenGLES.framework/Headers/ES1/gl.h:652:25: error: redefinition of 'glad_glGetTexParameterfv' as different kind of symbol
14631-  652 | GL_API void GL_APIENTRY glGetTexParameterfv (GLenum target, GLenum pname, GLfloat *params) OPENGLES_DEPRECATED(ios(2.0, 12.0), tvos(9.0, 12.0));
14632-      |                         ^
14633-/Users/runner/work/Orca-iOS-ipa/Orca-iOS-ipa/orca/src/libvgcode/glad/include/glad/gles2.h:1374:29: note: expanded from macro 'glGetTexParameterfv'
14634- 1374 | #define glGetTexParameterfv glad_glGetTexParameterfv
14635-      |                             ^
14636-/Users/runner/work/Orca-iOS-ipa/Orca-iOS-ipa/orca/src/libvgcode/glad/include/glad/gles2.h:1373:42: note: previous definition is here
14637- 1373 | GLAD_API_CALL PFNGLGETTEXPARAMETERFVPROC glad_glGetTexParameterfv;
14638-      |                                          ^
14639-In file included from /Users/runner/work/Orca-iOS-ipa/Orca-iOS-ipa/orca/src/slic3r/GUI/Plater.cpp:151:
14640-In file included from /Users/runner/work/Orca-iOS-ipa/Orca-iOS-ipa/wx-prefix/include/wx-3.3/wx/glcanvas.h:375:
14641-In file included from /Users/runner/work/Orca-iOS-ipa/Orca-iOS-ipa/wx-prefix/include/wx-3.3/wx/osx/glcanvas.h:18:
14642:/Applications/Xcode_16.4.app/Contents/Developer/Platforms/iPhoneSimulator.platform/Developer/SDKs/iPhoneSimulator18.5.sdk/System/Library/Frameworks/OpenGLES.framework/Headers/ES1/gl.h:657:25: error: redefinition of 'glad_glLineWidth' as different kind of symbol
14643-  657 | GL_API void GL_APIENTRY glLineWidth (GLfloat width) OPENGLES_DEPRECATED(ios(2.0, 12.0), tvos(9.0, 12.0));
14644-      |                         ^
14645-/Users/runner/work/Orca-iOS-ipa/Orca-iOS-ipa/orca/src/libvgcode/glad/include/glad/gles2.h:1432:21: note: expanded from macro 'glLineWidth'
14646- 1432 | #define glLineWidth glad_glLineWidth
14647-      |                     ^
14648-/Users/runner/work/Orca-iOS-ipa/Orca-iOS-ipa/orca/src/libvgcode/glad/include/glad/gles2.h:1431:34: note: previous definition is here
14649- 1431 | GLAD_API_CALL PFNGLLINEWIDTHPROC glad_glLineWidth;
14650-      |                                  ^
14651-In file included from /Users/runner/work/Orca-iOS-ipa/Orca-iOS-ipa/orca/src/slic3r/GUI/Plater.cpp:151:
14652-In file included from /Users/runner/work/Orca-iOS-ipa/Orca-iOS-ipa/wx-prefix/include/wx-3.3/wx/glcanvas.h:375:
14653-In file included from /Users/runner/work/Orca-iOS-ipa/Orca-iOS-ipa/wx-prefix/include/wx-3.3/wx/osx/glcanvas.h:18:
14654:/Applications/Xcode_16.4.app/Contents/Developer/Platforms/iPhoneSimulator.platform/Developer/SDKs/iPhoneSimulator18.5.sdk/System/Library/Frameworks/OpenGLES.framework/Headers/ES1/gl.h:668:25: error: redefinition of 'glad_glPolygonOffset' as different kind of symbol
14655-  668 | GL_API void GL_APIENTRY glPolygonOffset (GLfloat factor, GLfloat units) OPENGLES_DEPRECATED(ios(2.0, 12.0), tvos(9.0, 12.0));
14656-      |                         ^
14657-/Users/runner/work/Orca-iOS-ipa/Orca-iOS-ipa/orca/src/libvgcode/glad/include/glad/gles2.h:1442:25: note: expanded from macro 'glPolygonOffset'
14658- 1442 | #define glPolygonOffset glad_glPolygonOffset
14659-      |                         ^
14660-/Users/runner/work/Orca-iOS-ipa/Orca-iOS-ipa/orca/src/libvgcode/glad/include/glad/gles2.h:1441:38: note: previous definition is here
14661- 1441 | GLAD_API_CALL PFNGLPOLYGONOFFSETPROC glad_glPolygonOffset;
14662-      |                                      ^
14663-In file included from /Users/runner/work/Orca-iOS-ipa/Orca-iOS-ipa/orca/src/slic3r/GUI/Plater.cpp:151:
14664-In file included from /Users/runner/work/Orca-iOS-ipa/Orca-iOS-ipa/wx-prefix/include/wx-3.3/wx/glcanvas.h:375:
14665-In file included from /Users/runner/work/Orca-iOS-ipa/Orca-iOS-ipa/wx-prefix/include/wx-3.3/wx/osx/glcanvas.h:18:
14666:/Applications/Xcode_16.4.app/Contents/Developer/Platforms/iPhoneSimulator.platform/Developer/SDKs/iPhoneSimulator18.5.sdk/System/Library/Frameworks/OpenGLES.framework/Headers/ES1/gl.h:670:25: error: redefinition of 'glad_glSampleCoverage' as different kind of symbol
14667-  670 | GL_API void GL_APIENTRY glSampleCoverage (GLclampf value, GLboolean invert) OPENGLES_DEPRECATED(ios(2.0, 12.0), tvos(9.0, 12.0));
14668-      |                         ^
14669-/Users/runner/work/Orca-iOS-ipa/Orca-iOS-ipa/orca/src/libvgcode/glad/include/glad/gles2.h:1460:26: note: expanded from macro 'glSampleCoverage'
14670- 1460 | #define glSampleCoverage glad_glSampleCoverage
14671-      |                          ^
14672-/Users/runner/work/Orca-iOS-ipa/Orca-iOS-ipa/orca/src/libvgcode/glad/include/glad/gles2.h:1459:39: note: previous definition is here
14673- 1459 | GLAD_API_CALL PFNGLSAMPLECOVERAGEPROC glad_glSampleCoverage;
14674-      |                                       ^
14675-In file included from /Users/runner/work/Orca-iOS-ipa/Orca-iOS-ipa/orca/src/slic3r/GUI/Plater.cpp:151:
14676-In file included from /Users/runner/work/Orca-iOS-ipa/Orca-iOS-ipa/wx-prefix/include/wx-3.3/wx/glcanvas.h:375:
14677-In file included from /Users/runner/work/Orca-iOS-ipa/Orca-iOS-ipa/wx-prefix/include/wx-3.3/wx/osx/glcanvas.h:18:
14678:/Applications/Xcode_16.4.app/Contents/Developer/Platforms/iPhoneSimulator.platform/Developer/SDKs/iPhoneSimulator18.5.sdk/System/Library/Frameworks/OpenGLES.framework/Headers/ES1/gl.h:674:25: error: redefinition of 'glad_glTexParameterf' as different kind of symbol
14679-  674 | GL_API void GL_APIENTRY glTexParameterf (GLenum target, GLenum pname, GLfloat param) OPENGLES_DEPRECATED(ios(2.0, 12.0), tvos(9.0, 12.0));
14680-      |                         ^
14681-/Users/runner/work/Orca-iOS-ipa/Orca-iOS-ipa/orca/src/libvgcode/glad/include/glad/gles2.h:1492:25: note: expanded from macro 'glTexParameterf'
14682- 1492 | #define glTexParameterf glad_glTexParameterf
14683-      |                         ^
14684-/Users/runner/work/Orca-iOS-ipa/Orca-iOS-ipa/orca/src/libvgcode/glad/include/glad/gles2.h:1491:38: note: previous definition is here
14685- 1491 | GLAD_API_CALL PFNGLTEXPARAMETERFPROC glad_glTexParameterf;
14686-      |                                      ^
14687-In file included from /Users/runner/work/Orca-iOS-ipa/Orca-iOS-ipa/orca/src/slic3r/GUI/Plater.cpp:151:
14688-In file included from /Users/runner/work/Orca-iOS-ipa/Orca-iOS-ipa/wx-prefix/include/wx-3.3/wx/glcanvas.h:375:
14689-In file included from /Users/runner/work/Orca-iOS-ipa/Orca-iOS-ipa/wx-prefix/include/wx-3.3/wx/osx/glcanvas.h:18:
14690:/Applications/Xcode_16.4.app/Contents/Developer/Platforms/iPhoneSimulator.platform/Developer/SDKs/iPhoneSimulator18.5.sdk/System/Library/Frameworks/OpenGLES.framework/Headers/ES1/gl.h:675:25: error: redefinition of 'glad_glTexParameterfv' as different kind of symbol
14691-  675 | GL_API void GL_APIENTRY glTexParameterfv (GLenum target, GLenum pname, const GLfloat *params) OPENGLES_DEPRECATED(ios(2.0, 12.0), tvos(9.0, 12.0));
14692-      |                         ^
14693-/Users/runner/work/Orca-iOS-ipa/Orca-iOS-ipa/orca/src/libvgcode/glad/include/glad/gles2.h:1494:26: note: expanded from macro 'glTexParameterfv'
14694- 1494 | #define glTexParameterfv glad_glTexParameterfv
14695-      |                          ^
14696-/Users/runner/work/Orca-iOS-ipa/Orca-iOS-ipa/orca/src/libvgcode/glad/include/glad/gles2.h:1493:39: note: previous definition is here
14697- 1493 | GLAD_API_CALL PFNGLTEXPARAMETERFVPROC glad_glTexParameterfv;
14698-      |                                       ^
14699-In file included from /Users/runner/work/Orca-iOS-ipa/Orca-iOS-ipa/orca/src/slic3r/GUI/Plater.cpp:151:
14700-In file included from /Users/runner/work/Orca-iOS-ipa/Orca-iOS-ipa/wx-prefix/include/wx-3.3/wx/glcanvas.h:375:
14701-In file included from /Users/runner/work/Orca-iOS-ipa/Orca-iOS-ipa/wx-prefix/include/wx-3.3/wx/osx/glcanvas.h:18:
14702:/Applications/Xcode_16.4.app/Contents/Developer/Platforms/iPhoneSimulator.platform/Developer/SDKs/iPhoneSimulator18.5.sdk/System/Library/Frameworks/OpenGLES.framework/Headers/ES1/gl.h:678:25: error: redefinition of 'glad_glActiveTexture' as different kind of symbol
14703-  678 | GL_API void GL_APIENTRY glActiveTexture (GLenum texture) OPENGLES_DEPRECATED(ios(2.0, 12.0), tvos(9.0, 12.0));
14704-      |                         ^
14705-/Users/runner/work/Orca-iOS-ipa/Orca-iOS-ipa/orca/src/libvgcode/glad/include/glad/gles2.h:1126:25: note: expanded from macro 'glActiveTexture'
14706- 1126 | #define glActiveTexture glad_glActiveTexture
14707-      |                         ^
14708-/Users/runner/work/Orca-iOS-ipa/Orca-iOS-ipa/orca/src/libvgcode/glad/include/glad/gles2.h:1125:38: note: previous definition is here
14709- 1125 | GLAD_API_CALL PFNGLACTIVETEXTUREPROC glad_glActiveTexture;
14710-      |                                      ^
14711-In file included from /Users/runner/work/Orca-iOS-ipa/Orca-iOS-ipa/orca/src/slic3r/GUI/Plater.cpp:151:
14712-In file included from /Users/runner/work/Orca-iOS-ipa/Orca-iOS-ipa/wx-prefix/include/wx-3.3/wx/glcanvas.h:375:
14713-In file included from /Users/runner/work/Orca-iOS-ipa/Orca-iOS-ipa/wx-prefix/include/wx-3.3/wx/osx/glcanvas.h:18:
14714:/Applications/Xcode_16.4.app/Contents/Developer/Platforms/iPhoneSimulator.platform/Developer/SDKs/iPhoneSimulator18.5.sdk/System/Library/Frameworks/OpenGLES.framework/Headers/ES1/gl.h:680:25: error: redefinition of 'glad_glBindBuffer' as different kind of symbol
14715-  680 | GL_API void GL_APIENTRY glBindBuffer (GLenum target, GLuint buffer) OPENGLES_DEPRECATED(ios(2.0, 12.0), tvos(9.0, 12.0));
14716-      |                         ^
14717-/Users/runner/work/Orca-iOS-ipa/Orca-iOS-ipa/orca/src/libvgcode/glad/include/glad/gles2.h:1136:22: note: expanded from macro 'glBindBuffer'
14718- 1136 | #define glBindBuffer glad_glBindBuffer
14719-      |                      ^
14720-/Users/runner/work/Orca-iOS-ipa/Orca-iOS-ipa/orca/src/libvgcode/glad/include/glad/gles2.h:1135:35: note: previous definition is here
14721- 1135 | GLAD_API_CALL PFNGLBINDBUFFERPROC glad_glBindBuffer;
14722-      |                                   ^
14723-In file included from /Users/runner/work/Orca-iOS-ipa/Orca-iOS-ipa/orca/src/slic3r/GUI/Plater.cpp:151:
14724-In file included from /Users/runner/work/Orca-iOS-ipa/Orca-iOS-ipa/wx-prefix/include/wx-3.3/wx/glcanvas.h:375:
14725-In file included from /Users/runner/work/Orca-iOS-ipa/Orca-iOS-ipa/wx-prefix/include/wx-3.3/wx/osx/glcanvas.h:18:
14726:/Applications/Xcode_16.4.app/Contents/Developer/Platforms/iPhoneSimulator.platform/Developer/SDKs/iPhoneSimulator18.5.sdk/System/Library/Frameworks/OpenGLES.framework/Headers/ES1/gl.h:681:25: error: redefinition of 'glad_glBindTexture' as different kind of symbol
14727-  681 | GL_API void GL_APIENTRY glBindTexture (GLenum target, GLuint texture) OPENGLES_DEPRECATED(ios(2.0, 12.0), tvos(9.0, 12.0));
14728-      |                         ^
14729-/Users/runner/work/Orca-iOS-ipa/Orca-iOS-ipa/orca/src/libvgcode/glad/include/glad/gles2.h:1148:23: note: expanded from macro 'glBindTexture'
14730- 1148 | #define glBindTexture glad_glBindTexture
14731-      |                       ^
14732-/Users/runner/work/Orca-iOS-ipa/Orca-iOS-ipa/orca/src/libvgcode/glad/include/glad/gles2.h:1147:36: note: previous definition is here
14733- 1147 | GLAD_API_CALL PFNGLBINDTEXTUREPROC glad_glBindTexture;
14734-      |                                    ^
14735-In file included from /Users/runner/work/Orca-iOS-ipa/Orca-iOS-ipa/orca/src/slic3r/GUI/Plater.cpp:151:
14736-In file included from /Users/runner/work/Orca-iOS-ipa/Orca-iOS-ipa/wx-prefix/include/wx-3.3/wx/glcanvas.h:375:
14737-In file included from /Users/runner/work/Orca-iOS-ipa/Orca-iOS-ipa/wx-prefix/include/wx-3.3/wx/osx/glcanvas.h:18:
14738:/Applications/Xcode_16.4.app/Contents/Developer/Platforms/iPhoneSimulator.platform/Developer/SDKs/iPhoneSimulator18.5.sdk/System/Library/Frameworks/OpenGLES.framework/Headers/ES1/gl.h:682:25: error: redefinition of 'glad_glBlendFunc' as different kind of symbol
14739-  682 | GL_API void GL_APIENTRY glBlendFunc (GLenum sfactor, GLenum dfactor) OPENGLES_DEPRECATED(ios(2.0, 12.0), tvos(9.0, 12.0));
14740-      |                         ^
14741-/Users/runner/work/Orca-iOS-ipa/Orca-iOS-ipa/orca/src/libvgcode/glad/include/glad/gles2.h:1160:21: note: expanded from macro 'glBlendFunc'
14742- 1160 | #define glBlendFunc glad_glBlendFunc
14743-      |                     ^
14744-/Users/runner/work/Orca-iOS-ipa/Orca-iOS-ipa/orca/src/libvgcode/glad/include/glad/gles2.h:1159:34: note: previous definition is here
14745- 1159 | GLAD_API_CALL PFNGLBLENDFUNCPROC glad_glBlendFunc;
14746-      |                                  ^
14747-In file included from /Users/runner/work/Orca-iOS-ipa/Orca-iOS-ipa/orca/src/slic3r/GUI/Plater.cpp:151:
14748-In file included from /Users/runner/work/Orca-iOS-ipa/Orca-iOS-ipa/wx-prefix/include/wx-3.3/wx/glcanvas.h:375:
14749-In file included from /Users/runner/work/Orca-iOS-ipa/Orca-iOS-ipa/wx-prefix/include/wx-3.3/wx/osx/glcanvas.h:18:
14750:/Applications/Xcode_16.4.app/Contents/Developer/Platforms/iPhoneSimulator.platform/Developer/SDKs/iPhoneSimulator18.5.sdk/System/Library/Frameworks/OpenGLES.framework/Headers/ES1/gl.h:683:25: error: redefinition of 'glad_glBufferData' as different kind of symbol
14751-  683 | GL_API void GL_APIENTRY glBufferData (GLenum target, GLsizeiptr size, const GLvoid *data, GLenum usage) OPENGLES_DEPRECATED(ios(2.0, 12.0), tvos(9.0, 12.0));
14752-      |                         ^
14753-/Users/runner/work/Orca-iOS-ipa/Orca-iOS-ipa/orca/src/libvgcode/glad/include/glad/gles2.h:1166:22: note: expanded from macro 'glBufferData'
14754- 1166 | #define glBufferData glad_glBufferData
14755-      |                      ^
14756-/Users/runner/work/Orca-iOS-ipa/Orca-iOS-ipa/orca/src/libvgcode/glad/include/glad/gles2.h:1165:35: note: previous definition is here
14757- 1165 | GLAD_API_CALL PFNGLBUFFERDATAPROC glad_glBufferData;
14758-      |                                   ^
14759-In file included from /Users/runner/work/Orca-iOS-ipa/Orca-iOS-ipa/orca/src/slic3r/GUI/Plater.cpp:151:
14760-In file included from /Users/runner/work/Orca-iOS-ipa/Orca-iOS-ipa/wx-prefix/include/wx-3.3/wx/glcanvas.h:375:
14761-In file included from /Users/runner/work/Orca-iOS-ipa/Orca-iOS-ipa/wx-prefix/include/wx-3.3/wx/osx/glcanvas.h:18:
14762:/Applications/Xcode_16.4.app/Contents/Developer/Platforms/iPhoneSimulator.platform/Developer/SDKs/iPhoneSimulator18.5.sdk/System/Library/Frameworks/OpenGLES.framework/Headers/ES1/gl.h:684:25: error: redefinition of 'glad_glBufferSubData' as different kind of symbol
14763-  684 | GL_API void GL_APIENTRY glBufferSubData (GLenum target, GLintptr offset, GLsizeiptr size, const GLvoid *data) OPENGLES_DEPRECATED(ios(2.0, 12.0), tvos(9.0, 12.0));
14764-      |                         ^
14765-/Users/runner/work/Orca-iOS-ipa/Orca-iOS-ipa/orca/src/libvgcode/glad/include/glad/gles2.h:1168:25: note: expanded from macro 'glBufferSubData'
14766- 1168 | #define glBufferSubData glad_glBufferSubData
14767-      |                         ^
14768-/Users/runner/work/Orca-iOS-ipa/Orca-iOS-ipa/orca/src/libvgcode/glad/include/glad/gles2.h:1167:38: note: previous definition is here
14769- 1167 | GLAD_API_CALL PFNGLBUFFERSUBDATAPROC glad_glBufferSubData;
14770-      |                                      ^
14771-In file included from /Users/runner/work/Orca-iOS-ipa/Orca-iOS-ipa/orca/src/slic3r/GUI/Plater.cpp:151:
14772-In file included from /Users/runner/work/Orca-iOS-ipa/Orca-iOS-ipa/wx-prefix/include/wx-3.3/wx/glcanvas.h:375:
14773-In file included from /Users/runner/work/Orca-iOS-ipa/Orca-iOS-ipa/wx-prefix/include/wx-3.3/wx/osx/glcanvas.h:18:
14774:/Applications/Xcode_16.4.app/Contents/Developer/Platforms/iPhoneSimulator.platform/Developer/SDKs/iPhoneSimulator18.5.sdk/System/Library/Frameworks/OpenGLES.framework/Headers/ES1/gl.h:685:25: error: redefinition of 'glad_glClear' as different kind of symbol
14775-  685 | GL_API void GL_APIENTRY glClear (GLbitfield mask) OPENGLES_DEPRECATED(ios(2.0, 12.0), tvos(9.0, 12.0));
14776-      |                         ^
14777-/Users/runner/work/Orca-iOS-ipa/Orca-iOS-ipa/orca/src/libvgcode/glad/include/glad/gles2.h:1172:17: note: expanded from macro 'glClear'
14778- 1172 | #define glClear glad_glClear
14779-      |                 ^
14780-/Users/runner/work/Orca-iOS-ipa/Orca-iOS-ipa/orca/src/libvgcode/glad/include/glad/gles2.h:1171:30: note: previous definition is here
14781- 1171 | GLAD_API_CALL PFNGLCLEARPROC glad_glClear;
14782-      |                              ^
14783-In file included from /Users/runner/work/Orca-iOS-ipa/Orca-iOS-ipa/orca/src/slic3r/GUI/Plater.cpp:151:
14784-In file included from /Users/runner/work/Orca-iOS-ipa/Orca-iOS-ipa/wx-prefix/include/wx-3.3/wx/glcanvas.h:375:
14785-In file included from /Users/runner/work/Orca-iOS-ipa/Orca-iOS-ipa/wx-prefix/include/wx-3.3/wx/osx/glcanvas.h:18:
14786:/Applications/Xcode_16.4.app/Contents/Developer/Platforms/iPhoneSimulator.platform/Developer/SDKs/iPhoneSimulator18.5.sdk/System/Library/Frameworks/OpenGLES.framework/Headers/ES1/gl.h:688:25: error: redefinition of 'glad_glClearStencil' as different kind of symbol
14787-  688 | GL_API void GL_APIENTRY glClearStencil (GLint s) OPENGLES_DEPRECATED(ios(2.0, 12.0), tvos(9.0, 12.0));
14788-      |                         ^
14789-/Users/runner/work/Orca-iOS-ipa/Orca-iOS-ipa/orca/src/libvgcode/glad/include/glad/gles2.h:1186:24: note: expanded from macro 'glClearStencil'
14790- 1186 | #define glClearStencil glad_glClearStencil
14791-      |                        ^
14792-/Users/runner/work/Orca-iOS-ipa/Orca-iOS-ipa/orca/src/libvgcode/glad/include/glad/gles2.h:1185:37: note: previous definition is here
14793- 1185 | GLAD_API_CALL PFNGLCLEARSTENCILPROC glad_glClearStencil;
14794-      |                                     ^
14795-In file included from /Users/runner/work/Orca-iOS-ipa/Orca-iOS-ipa/orca/src/slic3r/GUI/Plater.cpp:151:
14796-In file included from /Users/runner/work/Orca-iOS-ipa/Orca-iOS-ipa/wx-prefix/include/wx-3.3/wx/glcanvas.h:375:
14797-In file included from /Users/runner/work/Orca-iOS-ipa/Orca-iOS-ipa/wx-prefix/include/wx-3.3/wx/osx/glcanvas.h:18:
14798:/Applications/Xcode_16.4.app/Contents/Developer/Platforms/iPhoneSimulator.platform/Developer/SDKs/iPhoneSimulator18.5.sdk/System/Library/Frameworks/OpenGLES.framework/Headers/ES1/gl.h:693:25: error: redefinition of 'glad_glColorMask' as different kind of symbol
14799-  693 | GL_API void GL_APIENTRY glColorMask (GLboolean red, GLboolean green, GLboolean blue, GLboolean alpha) OPENGLES_DEPRECATED(ios(2.0, 12.0), tvos(9.0, 12.0));
14800-      |                         ^
14801-/Users/runner/work/Orca-iOS-ipa/Orca-iOS-ipa/orca/src/libvgcode/glad/include/glad/gles2.h:1190:21: note: expanded from macro 'glColorMask'
14802- 1190 | #define glColorMask glad_glColorMask
14803-      |                     ^
14804-/Users/runner/work/Orca-iOS-ipa/Orca-iOS-ipa/orca/src/libvgcode/glad/include/glad/gles2.h:1189:34: note: previous definition is here
14805- 1189 | GLAD_API_CALL PFNGLCOLORMASKPROC glad_glColorMask;
14806-      |                                  ^
14807:fatal error: too many errors emitted, stopping now [-ferror-limit=]
14808-33 warnings and 20 errors generated.
14809-[477/651] Building CXX object src/slic3r/CMakeFiles/libslic3r_gui.dir/GUI/PlateSettingsDialog.cpp.o
14810-In file included from /Users/runner/work/Orca-iOS-ipa/Orca-iOS-ipa/orca/src/slic3r/GUI/PlateSettingsDialog.cpp:1:
14811-In file included from /Users/runner/work/Orca-iOS-ipa/Orca-iOS-ipa/orca/src/slic3r/GUI/PlateSettingsDialog.hpp:4:
14812-In file included from /Users/runner/work/Orca-iOS-ipa/Orca-iOS-ipa/orca/src/slic3r/GUI/Plater.hpp:20:
14813-In file included from /Users/runner/work/Orca-iOS-ipa/Orca-iOS-ipa/orca/src/slic3r/GUI/Search.hpp:22:
14814-/Users/runner/work/Orca-iOS-ipa/Orca-iOS-ipa/orca/src/slic3r/GUI/Widgets/ScrolledWindow.hpp:18:10: warning: 'ScrolledWindow::Refresh' hides overloaded virtual function [-Woverloaded-virtual]
14815-   18 |     void Refresh();
14816-      |          ^
14817-/Users/runner/work/Orca-iOS-ipa/Orca-iOS-ipa/wx-prefix/include/wx-3.3/wx/osx/window.h:79:18: note: hidden overloaded virtual function 'wxWindow::Refresh' declared here: different number of parameters (2 vs 0)
14818-   79 |     virtual void Refresh( bool eraseBackground = true,
14819-      |                  ^
14820-In file included from /Users/runner/work/Orca-iOS-ipa/Orca-iOS-ipa/orca/src/slic3r/GUI/PlateSettingsDialog.cpp:1:
14821-In file included from /Users/runner/work/Orca-iOS-ipa/Orca-iOS-ipa/orca/src/slic3r/GUI/PlateSettingsDialog.hpp:4:
14822-In file included from /Users/runner/work/Orca-iOS-ipa/Orca-iOS-ipa/orca/src/slic3r/GUI/Plater.hpp:20:
14823-In file included from /Users/runner/work/Orca-iOS-ipa/Orca-iOS-ipa/orca/src/slic3r/GUI/Search.hpp:22:
14824-/Users/runner/work/Orca-iOS-ipa/Orca-iOS-ipa/orca/src/slic3r/GUI/Widgets/ScrolledWindow.hpp:19:10: warning: 'ScrolledWindow::SetBackgroundColour' hides overloaded virtual function [-Woverloaded-virtual]
14825-   19 |     void SetBackgroundColour(wxColour color);
14826-      |          ^
14827-/Users/runner/work/Orca-iOS-ipa/Orca-iOS-ipa/wx-prefix/include/wx-3.3/wx/osx/window.h:86:18: note: hidden overloaded virtual function 'wxWindow::SetBackgroundColour' declared here: type mismatch at 1st parameter ('const wxColour &' vs 'wxColour')
14828-   86 |     virtual bool SetBackgroundColour( const wxColour &colour ) override;
14829-      |                  ^
14830-In file included from /Users/runner/work/Orca-iOS-ipa/Orca-iOS-ipa/orca/src/slic3r/GUI/PlateSettingsDialog.cpp:1:
14831-In file included from /Users/runner/work/Orca-iOS-ipa/Orca-iOS-ipa/orca/src/slic3r/GUI/PlateSettingsDialog.hpp:4:
14832-In file included from /Users/runner/work/Orca-iOS-ipa/Orca-iOS-ipa/orca/src/slic3r/GUI/Plater.hpp:20:
14833-In file included from /Users/runner/work/Orca-iOS-ipa/Orca-iOS-ipa/orca/src/slic3r/GUI/Search.hpp:23:
14834-/Users/runner/work/Orca-iOS-ipa/Orca-iOS-ipa/orca/src/slic3r/GUI/Widgets/TextInput.hpp:46:10: warning: 'SetLabel' overrides a member function but is not marked 'override' [-Winconsistent-missing-override]
14835-   46 |     void SetLabel(const wxString& label);
14836-      |          ^
14837-/Users/runner/work/Orca-iOS-ipa/Orca-iOS-ipa/wx-prefix/include/wx-3.3/wx/osx/window.h:56:18: note: overridden virtual function is here
14838-   56 |     virtual void SetLabel( const wxString& label ) override;
14839-      |                  ^
14840-In file included from /Users/runner/work/Orca-iOS-ipa/Orca-iOS-ipa/orca/src/slic3r/GUI/PlateSettingsDialog.cpp:1:
14841-In file included from /Users/runner/work/Orca-iOS-ipa/Orca-iOS-ipa/orca/src/slic3r/GUI/PlateSettingsDialog.hpp:4:
14842-In file included from /Users/runner/work/Orca-iOS-ipa/Orca-iOS-ipa/orca/src/slic3r/GUI/Plater.hpp:20:
14843-In file included from /Users/runner/work/Orca-iOS-ipa/Orca-iOS-ipa/orca/src/slic3r/GUI/Search.hpp:23:
14844-/Users/runner/work/Orca-iOS-ipa/Orca-iOS-ipa/orca/src/slic3r/GUI/Widgets/TextInput.hpp:72:18: warning: 'DoSetSize' overrides a member function but is not marked 'override' [-Winconsistent-missing-override]
14845-   72 |     virtual void DoSetSize(
14846-      |                  ^
14847-/Users/runner/work/Orca-iOS-ipa/Orca-iOS-ipa/wx-prefix/include/wx-3.3/wx/osx/window.h:379:18: note: overridden virtual function is here
14848-  379 |     virtual void DoSetSize(int x, int y,
14849-      |                  ^
14850-In file included from /Users/runner/work/Orca-iOS-ipa/Orca-iOS-ipa/orca/src/slic3r/GUI/PlateSettingsDialog.cpp:1:
14851-In file included from /Users/runner/work/Orca-iOS-ipa/Orca-iOS-ipa/orca/src/slic3r/GUI/PlateSettingsDialog.hpp:4:
14852-In file included from /Users/runner/work/Orca-iOS-ipa/Orca-iOS-ipa/orca/src/slic3r/GUI/Plater.hpp:20:
14853-In file included from /Users/runner/work/Orca-iOS-ipa/Orca-iOS-ipa/orca/src/slic3r/GUI/Search.hpp:23:
14854-/Users/runner/work/Orca-iOS-ipa/Orca-iOS-ipa/orca/src/slic3r/GUI/Widgets/TextInput.hpp:75:10: warning: 'DoSetToolTipText' overrides a member function but is not marked 'override' [-Winconsistent-missing-override]
14855-   75 |     void DoSetToolTipText(wxString const &tip);
14856-      |          ^
14857-/Users/runner/work/Orca-iOS-ipa/Orca-iOS-ipa/wx-prefix/include/wx-3.3/wx/window.h:2005:18: note: overridden virtual function is here
14858- 2005 |     virtual void DoSetToolTipText( const wxString &tip );
14859-      |                  ^
14860-In file included from /Users/runner/work/Orca-iOS-ipa/Orca-iOS-ipa/orca/src/slic3r/GUI/PlateSettingsDialog.cpp:1:
14861-In file included from /Users/runner/work/Orca-iOS-ipa/Orca-iOS-ipa/orca/src/slic3r/GUI/PlateSettingsDialog.hpp:4:
14862-In file included from /Users/runner/work/Orca-iOS-ipa/Orca-iOS-ipa/orca/src/slic3r/GUI/Plater.hpp:20:
14863-/Users/runner/work/Orca-iOS-ipa/Orca-iOS-ipa/orca/src/slic3r/GUI/Search.hpp:220:10: warning: 'Slic3r::Search::SearchDialog::Popup' hides overloaded virtual function [-Woverloaded-virtual]
14864-  220 |     void Popup(wxPoint position = wxDefaultPosition);
14865-      |          ^
14866-/Users/runner/work/Orca-iOS-ipa/Orca-iOS-ipa/wx-prefix/include/wx-3.3/wx/popupwin.h:167:18: note: hidden overloaded virtual function 'wxPopupTransientWindow::Popup' declared here: type mismatch at 1st parameter ('wxWindow *' vs 'wxPoint')
14867-  167 |     virtual void Popup(wxWindow *focus = nullptr) override;
--
16499-      |                         ^
16500-9 warnings generated.
16501-[499/651] Building CXX object src/slic3r/CMakeFiles/libslic3r_gui.dir/GUI/SkipPartCanvas.cpp.o
16502:FAILED: [code=1] src/slic3r/CMakeFiles/libslic3r_gui.dir/GUI/SkipPartCanvas.cpp.o 
16503-ccache /usr/bin/c++ -DBBL_RELEASE_TO_PUBLIC=1 -DBOOST_NO_CXX98_FUNCTION_BASE -DGIT_COMMIT_HASH=\"395e070a0e\" -DLIBNEST2D_GEOMETRIES_libslic3r -DLIBNEST2D_OPTIMIZER_nlopt -DLIBNEST2D_STATIC -DLIBNEST2D_THREADING_tbb -DNDEBUG -DSLIC3R_CURRENTLY_COMPILING_GUI_MODULE -DSLIC3R_DESKTOP_INTEGRATION -DSLIC3R_GUI -DTBB_USE_CAPTURED_EXCEPTION=0 -DUNICODE -DUSE_TBB -DWXINTL_NO_GETTEXT_MACRO -D_FILE_OFFSET_BITS=64 -D_HAS_AUTO_PTR_ETC=0 -D_UNICODE -D__WXOSX_IPHONE__ -DwxDEBUG_LEVEL=0 -DwxNO_UNSAFE_WXSTRING_CONV -DwxUSE_UNICODE -I/Users/runner/work/Orca-iOS-ipa/Orca-iOS-ipa/orca/src/slic3r/Utils -I/Users/runner/work/Orca-iOS-ipa/Orca-iOS-ipa/orca/build/src/slic3r -I/Users/runner/work/Orca-iOS-ipa/Orca-iOS-ipa/orca/build/src/libslic3r -I/Users/runner/work/Orca-iOS-ipa/Orca-iOS-ipa/orca/src/libvgcode/glad/include -I/Users/runner/work/Orca-iOS-ipa/Orca-iOS-ipa/orca/src/glad/include-es -I/Users/runner/work/Orca-iOS-ipa/Orca-iOS-ipa/orca/src/glad/../libvgcode/glad/include -isystem /Users/runner/work/Orca-iOS-ipa/Orca-iOS-ipa/orca/src -isystem /Users/runner/work/Orca-iOS-ipa/Orca-iOS-ipa/orca/build/src/dev-utils/platform -isystem /Users/runner/work/Orca-iOS-ipa/Orca-iOS-ipa/orca/src/libigl -isystem /Users/runner/work/Orca-iOS-ipa/Orca-iOS-ipa/ios-prefix/usr/local/include/opencascade -isystem /Users/runner/work/Orca-iOS-ipa/Orca-iOS-ipa/ios-prefix/usr/local/include/eigen3 -isystem /Users/runner/work/Orca-iOS-ipa/Orca-iOS-ipa/orca/deps_src/admesh -isystem /Users/runner/work/Orca-iOS-ipa/Orca-iOS-ipa/orca/deps_src/admesh/.. -isystem /Users/runner/work/Orca-iOS-ipa/Orca-iOS-ipa/orca/deps_src/libigl -isystem /Users/runner/work/Orca-iOS-ipa/Orca-iOS-ipa/orca/deps_src/libnest2d/include -isystem /Users/runner/work/Orca-iOS-ipa/Orca-iOS-ipa/ios-prefix/usr/local/include -isystem /Users/runner/work/Orca-iOS-ipa/Orca-iOS-ipa/orca/deps_src/miniz -isystem /Users/runner/work/Orca-iOS-ipa/Orca-iOS-ipa/ios-prefix/usr/local/include/opencv4 -isystem /Users/runner/work/Orca-iOS-ipa/Orca-iOS-ipa/orca/deps_src/imgui -isystem /Users/runner/work/Orca-iOS-ipa/Orca-iOS-ipa/orca/deps_src/imguizmo -isystem /Users/runner/work/Orca-iOS-ipa/Orca-iOS-ipa/orca/deps_src/minilzo -isystem /Users/runner/work/Orca-iOS-ipa/Orca-iOS-ipa/orca/deps_src/hidapi/include -isystem /Users/runner/work/Orca-iOS-ipa/Orca-iOS-ipa/orca/deps_src/mdns -isystem /Users/runner/work/Orca-iOS-ipa/Orca-iOS-ipa/wx-prefix/lib/wx/include/osx_iphone-unicode-static-3.3 -isystem /Users/runner/work/Orca-iOS-ipa/Orca-iOS-ipa/wx-prefix/include/wx-3.3 -Wall -Wno-reorder -Werror=partial-availability -Werror=unguarded-availability -Werror=unguarded-availability-new -O3 -DNDEBUG -std=gnu++17 -arch arm64 -isysroot /Applications/Xcode_16.4.app/Contents/Developer/Platforms/iPhoneSimulator.platform/Developer/SDKs/iPhoneSimulator18.5.sdk -mios-simulator-version-min=17.0 -fPIC -fsigned-char -Werror=return-type -Wno-unused-function -Wno-unused-variable -Wno-unused-but-set-variable -Wno-unused-label -Wno-unused-local-typedefs -Wno-sign-compare -Wno-misleading-indentation -Wno-switch -Wno-ignored-attributes -Wno-deprecated-declarations -Wno-error=enum-constexpr-conversion -Winvalid-pch -Xclang -include-pch -Xclang /Users/runner/work/Orca-iOS-ipa/Orca-iOS-ipa/orca/build/src/slic3r/CMakeFiles/libslic3r_gui.dir/cmake_pch.hxx.pch -Xclang -include -Xclang /Users/runner/work/Orca-iOS-ipa/Orca-iOS-ipa/orca/build/src/slic3r/CMakeFiles/libslic3r_gui.dir/cmake_pch.hxx -MD -MT src/slic3r/CMakeFiles/libslic3r_gui.dir/GUI/SkipPartCanvas.cpp.o -MF src/slic3r/CMakeFiles/libslic3r_gui.dir/GUI/SkipPartCanvas.cpp.o.d -o src/slic3r/CMakeFiles/libslic3r_gui.dir/GUI/SkipPartCanvas.cpp.o -c /Users/runner/work/Orca-iOS-ipa/Orca-iOS-ipa/orca/src/slic3r/GUI/SkipPartCanvas.cpp
16504-In file included from /Users/runner/work/Orca-iOS-ipa/Orca-iOS-ipa/orca/src/slic3r/GUI/SkipPartCanvas.cpp:2:
16505-In file included from /Users/runner/work/Orca-iOS-ipa/Orca-iOS-ipa/orca/src/slic3r/GUI/SkipPartCanvas.hpp:4:
16506-In file included from /Users/runner/work/Orca-iOS-ipa/Orca-iOS-ipa/wx-prefix/include/wx-3.3/wx/glcanvas.h:375:
16507-In file included from /Users/runner/work/Orca-iOS-ipa/Orca-iOS-ipa/wx-prefix/include/wx-3.3/wx/osx/glcanvas.h:18:
16508:/Applications/Xcode_16.4.app/Contents/Developer/Platforms/iPhoneSimulator.platform/Developer/SDKs/iPhoneSimulator18.5.sdk/System/Library/Frameworks/OpenGLES.framework/Headers/ES1/gl.h:639:25: error: redefinition of 'glad_glClearColor' as different kind of symbol
16509-  639 | GL_API void GL_APIENTRY glClearColor (GLclampf red, GLclampf green, GLclampf blue, GLclampf alpha) OPENGLES_DEPRECATED(ios(2.0, 12.0), tvos(9.0, 12.0));
16510-      |                         ^
16511-/Users/runner/work/Orca-iOS-ipa/Orca-iOS-ipa/orca/src/libvgcode/glad/include/glad/gles2.h:1182:22: note: expanded from macro 'glClearColor'
16512- 1182 | #define glClearColor glad_glClearColor
16513-      |                      ^
16514-/Users/runner/work/Orca-iOS-ipa/Orca-iOS-ipa/orca/src/libvgcode/glad/include/glad/gles2.h:1181:35: note: previous definition is here
16515- 1181 | GLAD_API_CALL PFNGLCLEARCOLORPROC glad_glClearColor;
16516-      |                                   ^
16517-In file included from /Users/runner/work/Orca-iOS-ipa/Orca-iOS-ipa/orca/src/slic3r/GUI/SkipPartCanvas.cpp:2:
16518-In file included from /Users/runner/work/Orca-iOS-ipa/Orca-iOS-ipa/orca/src/slic3r/GUI/SkipPartCanvas.hpp:4:
16519-In file included from /Users/runner/work/Orca-iOS-ipa/Orca-iOS-ipa/wx-prefix/include/wx-3.3/wx/glcanvas.h:375:
16520-In file included from /Users/runner/work/Orca-iOS-ipa/Orca-iOS-ipa/wx-prefix/include/wx-3.3/wx/osx/glcanvas.h:18:
16521:/Applications/Xcode_16.4.app/Contents/Developer/Platforms/iPhoneSimulator.platform/Developer/SDKs/iPhoneSimulator18.5.sdk/System/Library/Frameworks/OpenGLES.framework/Headers/ES1/gl.h:640:25: error: redefinition of 'glad_glClearDepthf' as different kind of symbol
16522-  640 | GL_API void GL_APIENTRY glClearDepthf (GLclampf depth) OPENGLES_DEPRECATED(ios(2.0, 12.0), tvos(9.0, 12.0));
16523-      |                         ^
16524-/Users/runner/work/Orca-iOS-ipa/Orca-iOS-ipa/orca/src/libvgcode/glad/include/glad/gles2.h:1184:23: note: expanded from macro 'glClearDepthf'
16525- 1184 | #define glClearDepthf glad_glClearDepthf
16526-      |                       ^
16527-/Users/runner/work/Orca-iOS-ipa/Orca-iOS-ipa/orca/src/libvgcode/glad/include/glad/gles2.h:1183:36: note: previous definition is here
16528- 1183 | GLAD_API_CALL PFNGLCLEARDEPTHFPROC glad_glClearDepthf;
16529-      |                                    ^
16530-In file included from /Users/runner/work/Orca-iOS-ipa/Orca-iOS-ipa/orca/src/slic3r/GUI/SkipPartCanvas.cpp:2:
16531-In file included from /Users/runner/work/Orca-iOS-ipa/Orca-iOS-ipa/orca/src/slic3r/GUI/SkipPartCanvas.hpp:4:
16532-In file included from /Users/runner/work/Orca-iOS-ipa/Orca-iOS-ipa/wx-prefix/include/wx-3.3/wx/glcanvas.h:375:
16533-In file included from /Users/runner/work/Orca-iOS-ipa/Orca-iOS-ipa/wx-prefix/include/wx-3.3/wx/osx/glcanvas.h:18:
16534:/Applications/Xcode_16.4.app/Contents/Developer/Platforms/iPhoneSimulator.platform/Developer/SDKs/iPhoneSimulator18.5.sdk/System/Library/Frameworks/OpenGLES.framework/Headers/ES1/gl.h:643:25: error: redefinition of 'glad_glDepthRangef' as different kind of symbol
16535-  643 | GL_API void GL_APIENTRY glDepthRangef (GLclampf zNear, GLclampf zFar) OPENGLES_DEPRECATED(ios(2.0, 12.0), tvos(9.0, 12.0));
16536-      |                         ^
16537-/Users/runner/work/Orca-iOS-ipa/Orca-iOS-ipa/orca/src/libvgcode/glad/include/glad/gles2.h:1242:23: note: expanded from macro 'glDepthRangef'
16538- 1242 | #define glDepthRangef glad_glDepthRangef
16539-      |                       ^
16540-/Users/runner/work/Orca-iOS-ipa/Orca-iOS-ipa/orca/src/libvgcode/glad/include/glad/gles2.h:1241:36: note: previous definition is here
16541- 1241 | GLAD_API_CALL PFNGLDEPTHRANGEFPROC glad_glDepthRangef;
16542-      |                                    ^
16543-In file included from /Users/runner/work/Orca-iOS-ipa/Orca-iOS-ipa/orca/src/slic3r/GUI/SkipPartCanvas.cpp:2:
16544-In file included from /Users/runner/work/Orca-iOS-ipa/Orca-iOS-ipa/orca/src/slic3r/GUI/SkipPartCanvas.hpp:4:
16545-In file included from /Users/runner/work/Orca-iOS-ipa/Orca-iOS-ipa/wx-prefix/include/wx-3.3/wx/glcanvas.h:375:
16546-In file included from /Users/runner/work/Orca-iOS-ipa/Orca-iOS-ipa/wx-prefix/include/wx-3.3/wx/osx/glcanvas.h:18:
16547:/Applications/Xcode_16.4.app/Contents/Developer/Platforms/iPhoneSimulator.platform/Developer/SDKs/iPhoneSimulator18.5.sdk/System/Library/Frameworks/OpenGLES.framework/Headers/ES1/gl.h:648:25: error: redefinition of 'glad_glGetFloatv' as different kind of symbol
16548-  648 | GL_API void GL_APIENTRY glGetFloatv (GLenum pname, GLfloat *params) OPENGLES_DEPRECATED(ios(2.0, 12.0), tvos(9.0, 12.0));
16549-      |                         ^
16550-/Users/runner/work/Orca-iOS-ipa/Orca-iOS-ipa/orca/src/libvgcode/glad/include/glad/gles2.h:1328:21: note: expanded from macro 'glGetFloatv'
16551- 1328 | #define glGetFloatv glad_glGetFloatv
16552-      |                     ^
16553-/Users/runner/work/Orca-iOS-ipa/Orca-iOS-ipa/orca/src/libvgcode/glad/include/glad/gles2.h:1327:34: note: previous definition is here
16554- 1327 | GLAD_API_CALL PFNGLGETFLOATVPROC glad_glGetFloatv;
16555-      |                                  ^
16556-In file included from /Users/runner/work/Orca-iOS-ipa/Orca-iOS-ipa/orca/src/slic3r/GUI/SkipPartCanvas.cpp:2:
16557-In file included from /Users/runner/work/Orca-iOS-ipa/Orca-iOS-ipa/orca/src/slic3r/GUI/SkipPartCanvas.hpp:4:
16558-In file included from /Users/runner/work/Orca-iOS-ipa/Orca-iOS-ipa/wx-prefix/include/wx-3.3/wx/glcanvas.h:375:
16559-In file included from /Users/runner/work/Orca-iOS-ipa/Orca-iOS-ipa/wx-prefix/include/wx-3.3/wx/osx/glcanvas.h:18:
16560:/Applications/Xcode_16.4.app/Contents/Developer/Platforms/iPhoneSimulator.platform/Developer/SDKs/iPhoneSimulator18.5.sdk/System/Library/Frameworks/OpenGLES.framework/Headers/ES1/gl.h:652:25: error: redefinition of 'glad_glGetTexParameterfv' as different kind of symbol
16561-  652 | GL_API void GL_APIENTRY glGetTexParameterfv (GLenum target, GLenum pname, GLfloat *params) OPENGLES_DEPRECATED(ios(2.0, 12.0), tvos(9.0, 12.0));
16562-      |                         ^
16563-/Users/runner/work/Orca-iOS-ipa/Orca-iOS-ipa/orca/src/libvgcode/glad/include/glad/gles2.h:1374:29: note: expanded from macro 'glGetTexParameterfv'
16564- 1374 | #define glGetTexParameterfv glad_glGetTexParameterfv
16565-      |                             ^
16566-/Users/runner/work/Orca-iOS-ipa/Orca-iOS-ipa/orca/src/libvgcode/glad/include/glad/gles2.h:1373:42: note: previous definition is here
16567- 1373 | GLAD_API_CALL PFNGLGETTEXPARAMETERFVPROC glad_glGetTexParameterfv;
16568-      |                                          ^
16569-In file included from /Users/runner/work/Orca-iOS-ipa/Orca-iOS-ipa/orca/src/slic3r/GUI/SkipPartCanvas.cpp:2:
16570-In file included from /Users/runner/work/Orca-iOS-ipa/Orca-iOS-ipa/orca/src/slic3r/GUI/SkipPartCanvas.hpp:4:
16571-In file included from /Users/runner/work/Orca-iOS-ipa/Orca-iOS-ipa/wx-prefix/include/wx-3.3/wx/glcanvas.h:375:
16572-In file included from /Users/runner/work/Orca-iOS-ipa/Orca-iOS-ipa/wx-prefix/include/wx-3.3/wx/osx/glcanvas.h:18:
16573:/Applications/Xcode_16.4.app/Contents/Developer/Platforms/iPhoneSimulator.platform/Developer/SDKs/iPhoneSimulator18.5.sdk/System/Library/Frameworks/OpenGLES.framework/Headers/ES1/gl.h:657:25: error: redefinition of 'glad_glLineWidth' as different kind of symbol
16574-  657 | GL_API void GL_APIENTRY glLineWidth (GLfloat width) OPENGLES_DEPRECATED(ios(2.0, 12.0), tvos(9.0, 12.0));
16575-      |                         ^
16576-/Users/runner/work/Orca-iOS-ipa/Orca-iOS-ipa/orca/src/libvgcode/glad/include/glad/gles2.h:1432:21: note: expanded from macro 'glLineWidth'
16577- 1432 | #define glLineWidth glad_glLineWidth
16578-      |                     ^
16579-/Users/runner/work/Orca-iOS-ipa/Orca-iOS-ipa/orca/src/libvgcode/glad/include/glad/gles2.h:1431:34: note: previous definition is here
16580- 1431 | GLAD_API_CALL PFNGLLINEWIDTHPROC glad_glLineWidth;
16581-      |                                  ^
16582-In file included from /Users/runner/work/Orca-iOS-ipa/Orca-iOS-ipa/orca/src/slic3r/GUI/SkipPartCanvas.cpp:2:
16583-In file included from /Users/runner/work/Orca-iOS-ipa/Orca-iOS-ipa/orca/src/slic3r/GUI/SkipPartCanvas.hpp:4:
16584-In file included from /Users/runner/work/Orca-iOS-ipa/Orca-iOS-ipa/wx-prefix/include/wx-3.3/wx/glcanvas.h:375:
16585-In file included from /Users/runner/work/Orca-iOS-ipa/Orca-iOS-ipa/wx-prefix/include/wx-3.3/wx/osx/glcanvas.h:18:
16586:/Applications/Xcode_16.4.app/Contents/Developer/Platforms/iPhoneSimulator.platform/Developer/SDKs/iPhoneSimulator18.5.sdk/System/Library/Frameworks/OpenGLES.framework/Headers/ES1/gl.h:668:25: error: redefinition of 'glad_glPolygonOffset' as different kind of symbol
16587-  668 | GL_API void GL_APIENTRY glPolygonOffset (GLfloat factor, GLfloat units) OPENGLES_DEPRECATED(ios(2.0, 12.0), tvos(9.0, 12.0));
16588-      |                         ^
16589-/Users/runner/work/Orca-iOS-ipa/Orca-iOS-ipa/orca/src/libvgcode/glad/include/glad/gles2.h:1442:25: note: expanded from macro 'glPolygonOffset'
16590- 1442 | #define glPolygonOffset glad_glPolygonOffset
16591-      |                         ^
16592-/Users/runner/work/Orca-iOS-ipa/Orca-iOS-ipa/orca/src/libvgcode/glad/include/glad/gles2.h:1441:38: note: previous definition is here
16593- 1441 | GLAD_API_CALL PFNGLPOLYGONOFFSETPROC glad_glPolygonOffset;
16594-      |                                      ^
16595-In file included from /Users/runner/work/Orca-iOS-ipa/Orca-iOS-ipa/orca/src/slic3r/GUI/SkipPartCanvas.cpp:2:
16596-In file included from /Users/runner/work/Orca-iOS-ipa/Orca-iOS-ipa/orca/src/slic3r/GUI/SkipPartCanvas.hpp:4:
16597-In file included from /Users/runner/work/Orca-iOS-ipa/Orca-iOS-ipa/wx-prefix/include/wx-3.3/wx/glcanvas.h:375:
16598-In file included from /Users/runner/work/Orca-iOS-ipa/Orca-iOS-ipa/wx-prefix/include/wx-3.3/wx/osx/glcanvas.h:18:
16599:/Applications/Xcode_16.4.app/Contents/Developer/Platforms/iPhoneSimulator.platform/Developer/SDKs/iPhoneSimulator18.5.sdk/System/Library/Frameworks/OpenGLES.framework/Headers/ES1/gl.h:670:25: error: redefinition of 'glad_glSampleCoverage' as different kind of symbol
16600-  670 | GL_API void GL_APIENTRY glSampleCoverage (GLclampf value, GLboolean invert) OPENGLES_DEPRECATED(ios(2.0, 12.0), tvos(9.0, 12.0));
16601-      |                         ^
16602-/Users/runner/work/Orca-iOS-ipa/Orca-iOS-ipa/orca/src/libvgcode/glad/include/glad/gles2.h:1460:26: note: expanded from macro 'glSampleCoverage'
16603- 1460 | #define glSampleCoverage glad_glSampleCoverage
16604-      |                          ^
16605-/Users/runner/work/Orca-iOS-ipa/Orca-iOS-ipa/orca/src/libvgcode/glad/include/glad/gles2.h:1459:39: note: previous definition is here
16606- 1459 | GLAD_API_CALL PFNGLSAMPLECOVERAGEPROC glad_glSampleCoverage;
16607-      |                                       ^
16608-In file included from /Users/runner/work/Orca-iOS-ipa/Orca-iOS-ipa/orca/src/slic3r/GUI/SkipPartCanvas.cpp:2:
16609-In file included from /Users/runner/work/Orca-iOS-ipa/Orca-iOS-ipa/orca/src/slic3r/GUI/SkipPartCanvas.hpp:4:
16610-In file included from /Users/runner/work/Orca-iOS-ipa/Orca-iOS-ipa/wx-prefix/include/wx-3.3/wx/glcanvas.h:375:
16611-In file included from /Users/runner/work/Orca-iOS-ipa/Orca-iOS-ipa/wx-prefix/include/wx-3.3/wx/osx/glcanvas.h:18:
16612:/Applications/Xcode_16.4.app/Contents/Developer/Platforms/iPhoneSimulator.platform/Developer/SDKs/iPhoneSimulator18.5.sdk/System/Library/Frameworks/OpenGLES.framework/Headers/ES1/gl.h:674:25: error: redefinition of 'glad_glTexParameterf' as different kind of symbol
16613-  674 | GL_API void GL_APIENTRY glTexParameterf (GLenum target, GLenum pname, GLfloat param) OPENGLES_DEPRECATED(ios(2.0, 12.0), tvos(9.0, 12.0));
16614-      |                         ^
16615-/Users/runner/work/Orca-iOS-ipa/Orca-iOS-ipa/orca/src/libvgcode/glad/include/glad/gles2.h:1492:25: note: expanded from macro 'glTexParameterf'
16616- 1492 | #define glTexParameterf glad_glTexParameterf
16617-      |                         ^
16618-/Users/runner/work/Orca-iOS-ipa/Orca-iOS-ipa/orca/src/libvgcode/glad/include/glad/gles2.h:1491:38: note: previous definition is here
16619- 1491 | GLAD_API_CALL PFNGLTEXPARAMETERFPROC glad_glTexParameterf;
16620-      |                                      ^
16621-In file included from /Users/runner/work/Orca-iOS-ipa/Orca-iOS-ipa/orca/src/slic3r/GUI/SkipPartCanvas.cpp:2:
16622-In file included from /Users/runner/work/Orca-iOS-ipa/Orca-iOS-ipa/orca/src/slic3r/GUI/SkipPartCanvas.hpp:4:
16623-In file included from /Users/runner/work/Orca-iOS-ipa/Orca-iOS-ipa/wx-prefix/include/wx-3.3/wx/glcanvas.h:375:
16624-In file included from /Users/runner/work/Orca-iOS-ipa/Orca-iOS-ipa/wx-prefix/include/wx-3.3/wx/osx/glcanvas.h:18:
16625:/Applications/Xcode_16.4.app/Contents/Developer/Platforms/iPhoneSimulator.platform/Developer/SDKs/iPhoneSimulator18.5.sdk/System/Library/Frameworks/OpenGLES.framework/Headers/ES1/gl.h:675:25: error: redefinition of 'glad_glTexParameterfv' as different kind of symbol
16626-  675 | GL_API void GL_APIENTRY glTexParameterfv (GLenum target, GLenum pname, const GLfloat *params) OPENGLES_DEPRECATED(ios(2.0, 12.0), tvos(9.0, 12.0));
16627-      |                         ^
16628-/Users/runner/work/Orca-iOS-ipa/Orca-iOS-ipa/orca/src/libvgcode/glad/include/glad/gles2.h:1494:26: note: expanded from macro 'glTexParameterfv'
16629- 1494 | #define glTexParameterfv glad_glTexParameterfv
16630-      |                          ^
16631-/Users/runner/work/Orca-iOS-ipa/Orca-iOS-ipa/orca/src/libvgcode/glad/include/glad/gles2.h:1493:39: note: previous definition is here
16632- 1493 | GLAD_API_CALL PFNGLTEXPARAMETERFVPROC glad_glTexParameterfv;
16633-      |                                       ^
16634-In file included from /Users/runner/work/Orca-iOS-ipa/Orca-iOS-ipa/orca/src/slic3r/GUI/SkipPartCanvas.cpp:2:
16635-In file included from /Users/runner/work/Orca-iOS-ipa/Orca-iOS-ipa/orca/src/slic3r/GUI/SkipPartCanvas.hpp:4:
16636-In file included from /Users/runner/work/Orca-iOS-ipa/Orca-iOS-ipa/wx-prefix/include/wx-3.3/wx/glcanvas.h:375:
16637-In file included from /Users/runner/work/Orca-iOS-ipa/Orca-iOS-ipa/wx-prefix/include/wx-3.3/wx/osx/glcanvas.h:18:
16638:/Applications/Xcode_16.4.app/Contents/Developer/Platforms/iPhoneSimulator.platform/Developer/SDKs/iPhoneSimulator18.5.sdk/System/Library/Frameworks/OpenGLES.framework/Headers/ES1/gl.h:678:25: error: redefinition of 'glad_glActiveTexture' as different kind of symbol
16639-  678 | GL_API void GL_APIENTRY glActiveTexture (GLenum texture) OPENGLES_DEPRECATED(ios(2.0, 12.0), tvos(9.0, 12.0));
16640-      |                         ^
16641-/Users/runner/work/Orca-iOS-ipa/Orca-iOS-ipa/orca/src/libvgcode/glad/include/glad/gles2.h:1126:25: note: expanded from macro 'glActiveTexture'
16642- 1126 | #define glActiveTexture glad_glActiveTexture
16643-      |                         ^
16644-/Users/runner/work/Orca-iOS-ipa/Orca-iOS-ipa/orca/src/libvgcode/glad/include/glad/gles2.h:1125:38: note: previous definition is here
16645- 1125 | GLAD_API_CALL PFNGLACTIVETEXTUREPROC glad_glActiveTexture;
16646-      |                                      ^
16647-In file included from /Users/runner/work/Orca-iOS-ipa/Orca-iOS-ipa/orca/src/slic3r/GUI/SkipPartCanvas.cpp:2:
16648-In file included from /Users/runner/work/Orca-iOS-ipa/Orca-iOS-ipa/orca/src/slic3r/GUI/SkipPartCanvas.hpp:4:
16649-In file included from /Users/runner/work/Orca-iOS-ipa/Orca-iOS-ipa/wx-prefix/include/wx-3.3/wx/glcanvas.h:375:
16650-In file included from /Users/runner/work/Orca-iOS-ipa/Orca-iOS-ipa/wx-prefix/include/wx-3.3/wx/osx/glcanvas.h:18:
16651:/Applications/Xcode_16.4.app/Contents/Developer/Platforms/iPhoneSimulator.platform/Developer/SDKs/iPhoneSimulator18.5.sdk/System/Library/Frameworks/OpenGLES.framework/Headers/ES1/gl.h:680:25: error: redefinition of 'glad_glBindBuffer' as different kind of symbol
16652-  680 | GL_API void GL_APIENTRY glBindBuffer (GLenum target, GLuint buffer) OPENGLES_DEPRECATED(ios(2.0, 12.0), tvos(9.0, 12.0));
16653-      |                         ^
16654-/Users/runner/work/Orca-iOS-ipa/Orca-iOS-ipa/orca/src/libvgcode/glad/include/glad/gles2.h:1136:22: note: expanded from macro 'glBindBuffer'
16655- 1136 | #define glBindBuffer glad_glBindBuffer
16656-      |                      ^
16657-/Users/runner/work/Orca-iOS-ipa/Orca-iOS-ipa/orca/src/libvgcode/glad/include/glad/gles2.h:1135:35: note: previous definition is here
16658- 1135 | GLAD_API_CALL PFNGLBINDBUFFERPROC glad_glBindBuffer;
16659-      |                                   ^
16660-In file included from /Users/runner/work/Orca-iOS-ipa/Orca-iOS-ipa/orca/src/slic3r/GUI/SkipPartCanvas.cpp:2:
16661-In file included from /Users/runner/work/Orca-iOS-ipa/Orca-iOS-ipa/orca/src/slic3r/GUI/SkipPartCanvas.hpp:4:
16662-In file included from /Users/runner/work/Orca-iOS-ipa/Orca-iOS-ipa/wx-prefix/include/wx-3.3/wx/glcanvas.h:375:
16663-In file included from /Users/runner/work/Orca-iOS-ipa/Orca-iOS-ipa/wx-prefix/include/wx-3.3/wx/osx/glcanvas.h:18:
16664:/Applications/Xcode_16.4.app/Contents/Developer/Platforms/iPhoneSimulator.platform/Developer/SDKs/iPhoneSimulator18.5.sdk/System/Library/Frameworks/OpenGLES.framework/Headers/ES1/gl.h:681:25: error: redefinition of 'glad_glBindTexture' as different kind of symbol
16665-  681 | GL_API void GL_APIENTRY glBindTexture (GLenum target, GLuint texture) OPENGLES_DEPRECATED(ios(2.0, 12.0), tvos(9.0, 12.0));
16666-      |                         ^
16667-/Users/runner/work/Orca-iOS-ipa/Orca-iOS-ipa/orca/src/libvgcode/glad/include/glad/gles2.h:1148:23: note: expanded from macro 'glBindTexture'
16668- 1148 | #define glBindTexture glad_glBindTexture
16669-      |                       ^
16670-/Users/runner/work/Orca-iOS-ipa/Orca-iOS-ipa/orca/src/libvgcode/glad/include/glad/gles2.h:1147:36: note: previous definition is here
16671- 1147 | GLAD_API_CALL PFNGLBINDTEXTUREPROC glad_glBindTexture;
16672-      |                                    ^
16673-In file included from /Users/runner/work/Orca-iOS-ipa/Orca-iOS-ipa/orca/src/slic3r/GUI/SkipPartCanvas.cpp:2:
16674-In file included from /Users/runner/work/Orca-iOS-ipa/Orca-iOS-ipa/orca/src/slic3r/GUI/SkipPartCanvas.hpp:4:
16675-In file included from /Users/runner/work/Orca-iOS-ipa/Orca-iOS-ipa/wx-prefix/include/wx-3.3/wx/glcanvas.h:375:
16676-In file included from /Users/runner/work/Orca-iOS-ipa/Orca-iOS-ipa/wx-prefix/include/wx-3.3/wx/osx/glcanvas.h:18:
16677:/Applications/Xcode_16.4.app/Contents/Developer/Platforms/iPhoneSimulator.platform/Developer/SDKs/iPhoneSimulator18.5.sdk/System/Library/Frameworks/OpenGLES.framework/Headers/ES1/gl.h:682:25: error: redefinition of 'glad_glBlendFunc' as different kind of symbol
16678-  682 | GL_API void GL_APIENTRY glBlendFunc (GLenum sfactor, GLenum dfactor) OPENGLES_DEPRECATED(ios(2.0, 12.0), tvos(9.0, 12.0));
16679-      |                         ^
16680-/Users/runner/work/Orca-iOS-ipa/Orca-iOS-ipa/orca/src/libvgcode/glad/include/glad/gles2.h:1160:21: note: expanded from macro 'glBlendFunc'
16681- 1160 | #define glBlendFunc glad_glBlendFunc
16682-      |                     ^
16683-/Users/runner/work/Orca-iOS-ipa/Orca-iOS-ipa/orca/src/libvgcode/glad/include/glad/gles2.h:1159:34: note: previous definition is here
16684- 1159 | GLAD_API_CALL PFNGLBLENDFUNCPROC glad_glBlendFunc;
16685-      |                                  ^
16686-In file included from /Users/runner/work/Orca-iOS-ipa/Orca-iOS-ipa/orca/src/slic3r/GUI/SkipPartCanvas.cpp:2:
16687-In file included from /Users/runner/work/Orca-iOS-ipa/Orca-iOS-ipa/orca/src/slic3r/GUI/SkipPartCanvas.hpp:4:
16688-In file included from /Users/runner/work/Orca-iOS-ipa/Orca-iOS-ipa/wx-prefix/include/wx-3.3/wx/glcanvas.h:375:
16689-In file included from /Users/runner/work/Orca-iOS-ipa/Orca-iOS-ipa/wx-prefix/include/wx-3.3/wx/osx/glcanvas.h:18:
16690:/Applications/Xcode_16.4.app/Contents/Developer/Platforms/iPhoneSimulator.platform/Developer/SDKs/iPhoneSimulator18.5.sdk/System/Library/Frameworks/OpenGLES.framework/Headers/ES1/gl.h:683:25: error: redefinition of 'glad_glBufferData' as different kind of symbol
16691-  683 | GL_API void GL_APIENTRY glBufferData (GLenum target, GLsizeiptr size, const GLvoid *data, GLenum usage) OPENGLES_DEPRECATED(ios(2.0, 12.0), tvos(9.0, 12.0));
16692-      |                         ^
16693-/Users/runner/work/Orca-iOS-ipa/Orca-iOS-ipa/orca/src/libvgcode/glad/include/glad/gles2.h:1166:22: note: expanded from macro 'glBufferData'
16694- 1166 | #define glBufferData glad_glBufferData
16695-      |                      ^
16696-/Users/runner/work/Orca-iOS-ipa/Orca-iOS-ipa/orca/src/libvgcode/glad/include/glad/gles2.h:1165:35: note: previous definition is here
16697- 1165 | GLAD_API_CALL PFNGLBUFFERDATAPROC glad_glBufferData;
16698-      |                                   ^
16699-In file included from /Users/runner/work/Orca-iOS-ipa/Orca-iOS-ipa/orca/src/slic3r/GUI/SkipPartCanvas.cpp:2:
16700-In file included from /Users/runner/work/Orca-iOS-ipa/Orca-iOS-ipa/orca/src/slic3r/GUI/SkipPartCanvas.hpp:4:
16701-In file included from /Users/runner/work/Orca-iOS-ipa/Orca-iOS-ipa/wx-prefix/include/wx-3.3/wx/glcanvas.h:375:
16702-In file included from /Users/runner/work/Orca-iOS-ipa/Orca-iOS-ipa/wx-prefix/include/wx-3.3/wx/osx/glcanvas.h:18:
16703:/Applications/Xcode_16.4.app/Contents/Developer/Platforms/iPhoneSimulator.platform/Developer/SDKs/iPhoneSimulator18.5.sdk/System/Library/Frameworks/OpenGLES.framework/Headers/ES1/gl.h:684:25: error: redefinition of 'glad_glBufferSubData' as different kind of symbol
16704-  684 | GL_API void GL_APIENTRY glBufferSubData (GLenum target, GLintptr offset, GLsizeiptr size, const GLvoid *data) OPENGLES_DEPRECATED(ios(2.0, 12.0), tvos(9.0, 12.0));
16705-      |                         ^
16706-/Users/runner/work/Orca-iOS-ipa/Orca-iOS-ipa/orca/src/libvgcode/glad/include/glad/gles2.h:1168:25: note: expanded from macro 'glBufferSubData'
16707- 1168 | #define glBufferSubData glad_glBufferSubData
16708-      |                         ^
16709-/Users/runner/work/Orca-iOS-ipa/Orca-iOS-ipa/orca/src/libvgcode/glad/include/glad/gles2.h:1167:38: note: previous definition is here
16710- 1167 | GLAD_API_CALL PFNGLBUFFERSUBDATAPROC glad_glBufferSubData;
16711-      |                                      ^
16712-In file included from /Users/runner/work/Orca-iOS-ipa/Orca-iOS-ipa/orca/src/slic3r/GUI/SkipPartCanvas.cpp:2:
16713-In file included from /Users/runner/work/Orca-iOS-ipa/Orca-iOS-ipa/orca/src/slic3r/GUI/SkipPartCanvas.hpp:4:
16714-In file included from /Users/runner/work/Orca-iOS-ipa/Orca-iOS-ipa/wx-prefix/include/wx-3.3/wx/glcanvas.h:375:
16715-In file included from /Users/runner/work/Orca-iOS-ipa/Orca-iOS-ipa/wx-prefix/include/wx-3.3/wx/osx/glcanvas.h:18:
16716:/Applications/Xcode_16.4.app/Contents/Developer/Platforms/iPhoneSimulator.platform/Developer/SDKs/iPhoneSimulator18.5.sdk/System/Library/Frameworks/OpenGLES.framework/Headers/ES1/gl.h:685:25: error: redefinition of 'glad_glClear' as different kind of symbol
16717-  685 | GL_API void GL_APIENTRY glClear (GLbitfield mask) OPENGLES_DEPRECATED(ios(2.0, 12.0), tvos(9.0, 12.0));
16718-      |                         ^
16719-/Users/runner/work/Orca-iOS-ipa/Orca-iOS-ipa/orca/src/libvgcode/glad/include/glad/gles2.h:1172:17: note: expanded from macro 'glClear'
16720- 1172 | #define glClear glad_glClear
16721-      |                 ^
16722-/Users/runner/work/Orca-iOS-ipa/Orca-iOS-ipa/orca/src/libvgcode/glad/include/glad/gles2.h:1171:30: note: previous definition is here
16723- 1171 | GLAD_API_CALL PFNGLCLEARPROC glad_glClear;
16724-      |                              ^
16725-In file included from /Users/runner/work/Orca-iOS-ipa/Orca-iOS-ipa/orca/src/slic3r/GUI/SkipPartCanvas.cpp:2:
16726-In file included from /Users/runner/work/Orca-iOS-ipa/Orca-iOS-ipa/orca/src/slic3r/GUI/SkipPartCanvas.hpp:4:
16727-In file included from /Users/runner/work/Orca-iOS-ipa/Orca-iOS-ipa/wx-prefix/include/wx-3.3/wx/glcanvas.h:375:
16728-In file included from /Users/runner/work/Orca-iOS-ipa/Orca-iOS-ipa/wx-prefix/include/wx-3.3/wx/osx/glcanvas.h:18:
16729:/Applications/Xcode_16.4.app/Contents/Developer/Platforms/iPhoneSimulator.platform/Developer/SDKs/iPhoneSimulator18.5.sdk/System/Library/Frameworks/OpenGLES.framework/Headers/ES1/gl.h:688:25: error: redefinition of 'glad_glClearStencil' as different kind of symbol
16730-  688 | GL_API void GL_APIENTRY glClearStencil (GLint s) OPENGLES_DEPRECATED(ios(2.0, 12.0), tvos(9.0, 12.0));
16731-      |                         ^
16732-/Users/runner/work/Orca-iOS-ipa/Orca-iOS-ipa/orca/src/libvgcode/glad/include/glad/gles2.h:1186:24: note: expanded from macro 'glClearStencil'
16733- 1186 | #define glClearStencil glad_glClearStencil
16734-      |                        ^
16735-/Users/runner/work/Orca-iOS-ipa/Orca-iOS-ipa/orca/src/libvgcode/glad/include/glad/gles2.h:1185:37: note: previous definition is here
16736- 1185 | GLAD_API_CALL PFNGLCLEARSTENCILPROC glad_glClearStencil;
16737-      |                                     ^
16738-In file included from /Users/runner/work/Orca-iOS-ipa/Orca-iOS-ipa/orca/src/slic3r/GUI/SkipPartCanvas.cpp:2:
16739-In file included from /Users/runner/work/Orca-iOS-ipa/Orca-iOS-ipa/orca/src/slic3r/GUI/SkipPartCanvas.hpp:4:
16740-In file included from /Users/runner/work/Orca-iOS-ipa/Orca-iOS-ipa/wx-prefix/include/wx-3.3/wx/glcanvas.h:375:
16741-In file included from /Users/runner/work/Orca-iOS-ipa/Orca-iOS-ipa/wx-prefix/include/wx-3.3/wx/osx/glcanvas.h:18:
16742:/Applications/Xcode_16.4.app/Contents/Developer/Platforms/iPhoneSimulator.platform/Developer/SDKs/iPhoneSimulator18.5.sdk/System/Library/Frameworks/OpenGLES.framework/Headers/ES1/gl.h:693:25: error: redefinition of 'glad_glColorMask' as different kind of symbol
16743-  693 | GL_API void GL_APIENTRY glColorMask (GLboolean red, GLboolean green, GLboolean blue, GLboolean alpha) OPENGLES_DEPRECATED(ios(2.0, 12.0), tvos(9.0, 12.0));
16744-      |                         ^
16745-/Users/runner/work/Orca-iOS-ipa/Orca-iOS-ipa/orca/src/libvgcode/glad/include/glad/gles2.h:1190:21: note: expanded from macro 'glColorMask'
16746- 1190 | #define glColorMask glad_glColorMask
16747-      |                     ^
16748-/Users/runner/work/Orca-iOS-ipa/Orca-iOS-ipa/orca/src/libvgcode/glad/include/glad/gles2.h:1189:34: note: previous definition is here
16749- 1189 | GLAD_API_CALL PFNGLCOLORMASKPROC glad_glColorMask;
16750-      |                                  ^
16751:fatal error: too many errors emitted, stopping now [-ferror-limit=]
16752-20 errors generated.
16753-[500/651] Building CXX object src/slic3r/CMakeFiles/libslic3r_gui.dir/GUI/PartSkipDialog.cpp.o
16754-In file included from /Users/runner/work/Orca-iOS-ipa/Orca-iOS-ipa/orca/src/slic3r/GUI/PartSkipDialog.cpp:27:
16755-In file included from /Users/runner/work/Orca-iOS-ipa/Orca-iOS-ipa/orca/src/slic3r/GUI/PartSkipDialog.hpp:20:
16756-/Users/runner/work/Orca-iOS-ipa/Orca-iOS-ipa/orca/src/slic3r/GUI/Widgets/AnimaController.hpp:16:10: warning: 'AnimaIcon::Enable' hides overloaded virtual function [-Woverloaded-virtual]
16757-   16 |     void Enable();
16758-      |          ^
16759-/Users/runner/work/Orca-iOS-ipa/Orca-iOS-ipa/wx-prefix/include/wx-3.3/wx/window.h:646:18: note: hidden overloaded virtual function 'wxWindowBase::Enable' declared here: different number of parameters (1 vs 0)
16760-  646 |     virtual bool Enable( bool enable = true );
16761-      |                  ^
16762-In file included from /Users/runner/work/Orca-iOS-ipa/Orca-iOS-ipa/orca/src/slic3r/GUI/PartSkipDialog.cpp:27:
16763-/Users/runner/work/Orca-iOS-ipa/Orca-iOS-ipa/orca/src/slic3r/GUI/PartSkipDialog.hpp:131:42: warning: private field 'm_file_sys_result' is not used [-Wunused-private-field]
16764-  131 |     bool                                 m_file_sys_result{false};
16765-      |                                          ^
16766-2 warnings generated.
16767-[501/651] Building CXX object src/slic3r/CMakeFiles/libslic3r_gui.dir/GUI/ReleaseNote.cpp.o
16768-In file included from /Users/runner/work/Orca-iOS-ipa/Orca-iOS-ipa/orca/src/slic3r/GUI/ReleaseNote.cpp:1:
16769-In file included from /Users/runner/work/Orca-iOS-ipa/Orca-iOS-ipa/orca/src/slic3r/GUI/ReleaseNote.hpp:29:
16770-In file included from /Users/runner/work/Orca-iOS-ipa/Orca-iOS-ipa/orca/src/slic3r/GUI/AmsMappingPopup.hpp:29:
16771-In file included from /Users/runner/work/Orca-iOS-ipa/Orca-iOS-ipa/orca/src/slic3r/GUI/Plater.hpp:20:
16772-In file included from /Users/runner/work/Orca-iOS-ipa/Orca-iOS-ipa/orca/src/slic3r/GUI/Search.hpp:22:
16773-/Users/runner/work/Orca-iOS-ipa/Orca-iOS-ipa/orca/src/slic3r/GUI/Widgets/ScrolledWindow.hpp:18:10: warning: 'ScrolledWindow::Refresh' hides overloaded virtual function [-Woverloaded-virtual]
16774-   18 |     void Refresh();
16775-      |          ^
16776-/Users/runner/work/Orca-iOS-ipa/Orca-iOS-ipa/wx-prefix/include/wx-3.3/wx/osx/window.h:79:18: note: hidden overloaded virtual function 'wxWindow::Refresh' declared here: different number of parameters (2 vs 0)
16777-   79 |     virtual void Refresh( bool eraseBackground = true,
16778-      |                  ^
16779-In file included from /Users/runner/work/Orca-iOS-ipa/Orca-iOS-ipa/orca/src/slic3r/GUI/ReleaseNote.cpp:1:
16780-In file included from /Users/runner/work/Orca-iOS-ipa/Orca-iOS-ipa/orca/src/slic3r/GUI/ReleaseNote.hpp:29:
16781-In file included from /Users/runner/work/Orca-iOS-ipa/Orca-iOS-ipa/orca/src/slic3r/GUI/AmsMappingPopup.hpp:29:
16782-In file included from /Users/runner/work/Orca-iOS-ipa/Orca-iOS-ipa/orca/src/slic3r/GUI/Plater.hpp:20:
16783-In file included from /Users/runner/work/Orca-iOS-ipa/Orca-iOS-ipa/orca/src/slic3r/GUI/Search.hpp:22:
16784-/Users/runner/work/Orca-iOS-ipa/Orca-iOS-ipa/orca/src/slic3r/GUI/Widgets/ScrolledWindow.hpp:19:10: warning: 'ScrolledWindow::SetBackgroundColour' hides overloaded virtual function [-Woverloaded-virtual]
16785-   19 |     void SetBackgroundColour(wxColour color);
16786-      |          ^
16787-/Users/runner/work/Orca-iOS-ipa/Orca-iOS-ipa/wx-prefix/include/wx-3.3/wx/osx/window.h:86:18: note: hidden overloaded virtual function 'wxWindow::SetBackgroundColour' declared here: type mismatch at 1st parameter ('const wxColour &' vs 'wxColour')
16788-   86 |     virtual bool SetBackgroundColour( const wxColour &colour ) override;
16789-      |                  ^
16790-In file included from /Users/runner/work/Orca-iOS-ipa/Orca-iOS-ipa/orca/src/slic3r/GUI/ReleaseNote.cpp:1:
16791-In file included from /Users/runner/work/Orca-iOS-ipa/Orca-iOS-ipa/orca/src/slic3r/GUI/ReleaseNote.hpp:29:
16792-In file included from /Users/runner/work/Orca-iOS-ipa/Orca-iOS-ipa/orca/src/slic3r/GUI/AmsMappingPopup.hpp:29:
16793-In file included from /Users/runner/work/Orca-iOS-ipa/Orca-iOS-ipa/orca/src/slic3r/GUI/Plater.hpp:20:
16794-In file included from /Users/runner/work/Orca-iOS-ipa/Orca-iOS-ipa/orca/src/slic3r/GUI/Search.hpp:23:
16795-/Users/runner/work/Orca-iOS-ipa/Orca-iOS-ipa/orca/src/slic3r/GUI/Widgets/TextInput.hpp:46:10: warning: 'SetLabel' overrides a member function but is not marked 'override' [-Winconsistent-missing-override]
16796-   46 |     void SetLabel(const wxString& label);
16797-      |          ^
16798-/Users/runner/work/Orca-iOS-ipa/Orca-iOS-ipa/wx-prefix/include/wx-3.3/wx/osx/window.h:56:18: note: overridden virtual function is here
16799-   56 |     virtual void SetLabel( const wxString& label ) override;
16800-      |                  ^
16801-In file included from /Users/runner/work/Orca-iOS-ipa/Orca-iOS-ipa/orca/src/slic3r/GUI/ReleaseNote.cpp:1:
16802-In file included from /Users/runner/work/Orca-iOS-ipa/Orca-iOS-ipa/orca/src/slic3r/GUI/ReleaseNote.hpp:29:
16803-In file included from /Users/runner/work/Orca-iOS-ipa/Orca-iOS-ipa/orca/src/slic3r/GUI/AmsMappingPopup.hpp:29:
16804-In file included from /Users/runner/work/Orca-iOS-ipa/Orca-iOS-ipa/orca/src/slic3r/GUI/Plater.hpp:20:
16805-In file included from /Users/runner/work/Orca-iOS-ipa/Orca-iOS-ipa/orca/src/slic3r/GUI/Search.hpp:23:
16806-/Users/runner/work/Orca-iOS-ipa/Orca-iOS-ipa/orca/src/slic3r/GUI/Widgets/TextInput.hpp:72:18: warning: 'DoSetSize' overrides a member function but is not marked 'override' [-Winconsistent-missing-override]
16807-   72 |     virtual void DoSetSize(
16808-      |                  ^
16809-/Users/runner/work/Orca-iOS-ipa/Orca-iOS-ipa/wx-prefix/include/wx-3.3/wx/osx/window.h:379:18: note: overridden virtual function is here
16810-  379 |     virtual void DoSetSize(int x, int y,
16811-      |                  ^
--
21399-[584/651] Building CXX object src/slic3r/CMakeFiles/libslic3r_gui.dir/Utils/FileHelp.cpp.o
21400-[585/651] Building CXX object src/slic3r/CMakeFiles/libslic3r_gui.dir/Utils/ESP3D.cpp.o
21401-[586/651] Building CXX object src/slic3r/CMakeFiles/libslic3r_gui.dir/Utils/EmbossStyleManager.cpp.o
21402:FAILED: [code=1] src/slic3r/CMakeFiles/libslic3r_gui.dir/Utils/EmbossStyleManager.cpp.o 
21403-ccache /usr/bin/c++ -DBBL_RELEASE_TO_PUBLIC=1 -DBOOST_NO_CXX98_FUNCTION_BASE -DGIT_COMMIT_HASH=\"395e070a0e\" -DLIBNEST2D_GEOMETRIES_libslic3r -DLIBNEST2D_OPTIMIZER_nlopt -DLIBNEST2D_STATIC -DLIBNEST2D_THREADING_tbb -DNDEBUG -DSLIC3R_CURRENTLY_COMPILING_GUI_MODULE -DSLIC3R_DESKTOP_INTEGRATION -DSLIC3R_GUI -DTBB_USE_CAPTURED_EXCEPTION=0 -DUNICODE -DUSE_TBB -DWXINTL_NO_GETTEXT_MACRO -D_FILE_OFFSET_BITS=64 -D_HAS_AUTO_PTR_ETC=0 -D_UNICODE -D__WXOSX_IPHONE__ -DwxDEBUG_LEVEL=0 -DwxNO_UNSAFE_WXSTRING_CONV -DwxUSE_UNICODE -I/Users/runner/work/Orca-iOS-ipa/Orca-iOS-ipa/orca/src/slic3r/Utils -I/Users/runner/work/Orca-iOS-ipa/Orca-iOS-ipa/orca/build/src/slic3r -I/Users/runner/work/Orca-iOS-ipa/Orca-iOS-ipa/orca/build/src/libslic3r -I/Users/runner/work/Orca-iOS-ipa/Orca-iOS-ipa/orca/src/libvgcode/glad/include -I/Users/runner/work/Orca-iOS-ipa/Orca-iOS-ipa/orca/src/glad/include-es -I/Users/runner/work/Orca-iOS-ipa/Orca-iOS-ipa/orca/src/glad/../libvgcode/glad/include -isystem /Users/runner/work/Orca-iOS-ipa/Orca-iOS-ipa/orca/src -isystem /Users/runner/work/Orca-iOS-ipa/Orca-iOS-ipa/orca/build/src/dev-utils/platform -isystem /Users/runner/work/Orca-iOS-ipa/Orca-iOS-ipa/orca/src/libigl -isystem /Users/runner/work/Orca-iOS-ipa/Orca-iOS-ipa/ios-prefix/usr/local/include/opencascade -isystem /Users/runner/work/Orca-iOS-ipa/Orca-iOS-ipa/ios-prefix/usr/local/include/eigen3 -isystem /Users/runner/work/Orca-iOS-ipa/Orca-iOS-ipa/orca/deps_src/admesh -isystem /Users/runner/work/Orca-iOS-ipa/Orca-iOS-ipa/orca/deps_src/admesh/.. -isystem /Users/runner/work/Orca-iOS-ipa/Orca-iOS-ipa/orca/deps_src/libigl -isystem /Users/runner/work/Orca-iOS-ipa/Orca-iOS-ipa/orca/deps_src/libnest2d/include -isystem /Users/runner/work/Orca-iOS-ipa/Orca-iOS-ipa/ios-prefix/usr/local/include -isystem /Users/runner/work/Orca-iOS-ipa/Orca-iOS-ipa/orca/deps_src/miniz -isystem /Users/runner/work/Orca-iOS-ipa/Orca-iOS-ipa/ios-prefix/usr/local/include/opencv4 -isystem /Users/runner/work/Orca-iOS-ipa/Orca-iOS-ipa/orca/deps_src/imgui -isystem /Users/runner/work/Orca-iOS-ipa/Orca-iOS-ipa/orca/deps_src/imguizmo -isystem /Users/runner/work/Orca-iOS-ipa/Orca-iOS-ipa/orca/deps_src/minilzo -isystem /Users/runner/work/Orca-iOS-ipa/Orca-iOS-ipa/orca/deps_src/hidapi/include -isystem /Users/runner/work/Orca-iOS-ipa/Orca-iOS-ipa/orca/deps_src/mdns -isystem /Users/runner/work/Orca-iOS-ipa/Orca-iOS-ipa/wx-prefix/lib/wx/include/osx_iphone-unicode-static-3.3 -isystem /Users/runner/work/Orca-iOS-ipa/Orca-iOS-ipa/wx-prefix/include/wx-3.3 -Wall -Wno-reorder -Werror=partial-availability -Werror=unguarded-availability -Werror=unguarded-availability-new -O3 -DNDEBUG -std=gnu++17 -arch arm64 -isysroot /Applications/Xcode_16.4.app/Contents/Developer/Platforms/iPhoneSimulator.platform/Developer/SDKs/iPhoneSimulator18.5.sdk -mios-simulator-version-min=17.0 -fPIC -fsigned-char -Werror=return-type -Wno-unused-function -Wno-unused-variable -Wno-unused-but-set-variable -Wno-unused-label -Wno-unused-local-typedefs -Wno-sign-compare -Wno-misleading-indentation -Wno-switch -Wno-ignored-attributes -Wno-deprecated-declarations -Wno-error=enum-constexpr-conversion -Winvalid-pch -Xclang -include-pch -Xclang /Users/runner/work/Orca-iOS-ipa/Orca-iOS-ipa/orca/build/src/slic3r/CMakeFiles/libslic3r_gui.dir/cmake_pch.hxx.pch -Xclang -include -Xclang /Users/runner/work/Orca-iOS-ipa/Orca-iOS-ipa/orca/build/src/slic3r/CMakeFiles/libslic3r_gui.dir/cmake_pch.hxx -MD -MT src/slic3r/CMakeFiles/libslic3r_gui.dir/Utils/EmbossStyleManager.cpp.o -MF src/slic3r/CMakeFiles/libslic3r_gui.dir/Utils/EmbossStyleManager.cpp.o.d -o src/slic3r/CMakeFiles/libslic3r_gui.dir/Utils/EmbossStyleManager.cpp.o -c /Users/runner/work/Orca-iOS-ipa/Orca-iOS-ipa/orca/src/slic3r/Utils/EmbossStyleManager.cpp
21404:/Users/runner/work/Orca-iOS-ipa/Orca-iOS-ipa/orca/src/slic3r/Utils/EmbossStyleManager.cpp:499:49: error: use of undeclared identifier 'GL_COMPRESSED_RGBA_S3TC_DXT5_EXT'
21405-  499 |         glsafe(::glTexImage2D(GL_TEXTURE_2D, 0, GL_COMPRESSED_RGBA_S3TC_DXT5_EXT, width, height, 0, GL_RGBA, GL_UNSIGNED_BYTE, pixels));
21406-      |                                                 ^
21407-1 error generated.
21408-[587/651] Building CXX object src/slic3r/CMakeFiles/libslic3r_gui.dir/Utils/FixModelByCgal.cpp.o
21409-In file included from /Users/runner/work/Orca-iOS-ipa/Orca-iOS-ipa/orca/src/slic3r/Utils/FixModelByCgal.cpp:1:
21410-In file included from /Users/runner/work/Orca-iOS-ipa/Orca-iOS-ipa/orca/src/slic3r/Utils/FixModelByCgal.hpp:5:
21411-/Users/runner/work/Orca-iOS-ipa/Orca-iOS-ipa/orca/src/slic3r/Utils/../GUI/Widgets/ProgressDialog.hpp:36:18: warning: 'DoSetSize' overrides a member function but is not marked 'override' [-Winconsistent-missing-override]
21412-   36 |     virtual void DoSetSize(int x, int y, int width, int height, int sizeFlags = wxSIZE_AUTO);
21413-      |                  ^
21414-/Users/runner/work/Orca-iOS-ipa/Orca-iOS-ipa/wx-prefix/include/wx-3.3/wx/osx/window.h:379:18: note: overridden virtual function is here
21415-  379 |     virtual void DoSetSize(int x, int y,
21416-      |                  ^
21417-1 warning generated.
21418-[588/651] Building CXX object src/slic3r/CMakeFiles/libslic3r_gui.dir/Utils/ElegooLink.cpp.o
21419-In file included from /Users/runner/work/Orca-iOS-ipa/Orca-iOS-ipa/orca/src/slic3r/Utils/ElegooLink.cpp:1:
21420-/Users/runner/work/Orca-iOS-ipa/Orca-iOS-ipa/orca/src/slic3r/Utils/ElegooLink.hpp:37:18: warning: 'validate_version_text' overrides a member function but is not marked 'override' [-Winconsistent-missing-override]
21421-   37 |     virtual bool validate_version_text(const boost::optional<std::string> &version_text) const;
21422-      |                  ^
21423-/Users/runner/work/Orca-iOS-ipa/Orca-iOS-ipa/orca/src/slic3r/Utils/OctoPrint.hpp:41:18: note: overridden virtual function is here
21424-   41 |     virtual bool validate_version_text(const boost::optional<std::string> &version_text) const;
21425-      |                  ^
21426-In file included from /Users/runner/work/Orca-iOS-ipa/Orca-iOS-ipa/orca/src/slic3r/Utils/ElegooLink.cpp:1:
21427-/Users/runner/work/Orca-iOS-ipa/Orca-iOS-ipa/orca/src/slic3r/Utils/ElegooLink.hpp:38:18: warning: 'upload_inner_with_host' overrides a member function but is not marked 'override' [-Winconsistent-missing-override]
21428-   38 |     virtual bool upload_inner_with_host(PrintHostUpload upload_data, ProgressFn prorgess_fn, ErrorFn error_fn, InfoFn info_fn) const;
21429-      |                  ^
21430-/Users/runner/work/Orca-iOS-ipa/Orca-iOS-ipa/orca/src/slic3r/Utils/OctoPrint.hpp:42:18: note: overridden virtual function is here
21431-   42 |     virtual bool upload_inner_with_host(PrintHostUpload upload_data, ProgressFn prorgess_fn, ErrorFn error_fn, InfoFn info_fn) const;
21432-      |                  ^
21433-2 warnings generated.
21434-[589/651] Building CXX object src/slic3r/CMakeFiles/libslic3r_gui.dir/Utils/FlashAir.cpp.o
21435-[590/651] Building CXX object src/slic3r/CMakeFiles/libslic3r_gui.dir/Utils/FontConfigHelp.cpp.o
21436-[591/651] Building CXX object src/slic3r/CMakeFiles/libslic3r_gui.dir/Utils/HexFile.cpp.o
21437-[592/651] Building CXX object src/slic3r/CMakeFiles/libslic3r_gui.dir/Utils/Http.cpp.o
21438-/Users/runner/work/Orca-iOS-ipa/Orca-iOS-ipa/orca/src/slic3r/Utils/Http.cpp:260:10: warning: explicitly assigning value of variable of type 'double' to itself [-Wself-assign]
21439-  260 |                         speed = speed;
21440-      |                         ~~~~~ ^ ~~~~~
21441-1 warning generated.
21442-[593/651] Building CXX object src/slic3r/CMakeFiles/libslic3r_gui.dir/Utils/Flashforge.cpp.o
21443-[594/651] Building CXX object src/slic3r/CMakeFiles/libslic3r_gui.dir/Utils/InstanceID.cpp.o
21444-[595/651] Building CXX object src/slic3r/CMakeFiles/libslic3r_gui.dir/Utils/minilzo_extension.cpp.o
21445-[596/651] Building CXX object src/slic3r/CMakeFiles/libslic3r_gui.dir/Utils/json_diff.cpp.o
21446-[597/651] Building CXX object src/slic3r/CMakeFiles/libslic3r_gui.dir/Utils/NetworkAgent.cpp.o
21447-[598/651] Building CXX object src/slic3r/CMakeFiles/libslic3r_gui.dir/Utils/MKS.cpp.o
21448-[599/651] Building CXX object src/slic3r/CMakeFiles/libslic3r_gui.dir/Utils/NetworkAgentFactory.cpp.o
21449-[600/651] Building CXX object src/slic3r/CMakeFiles/libslic3r_gui.dir/Utils/OrcaPrinterAgent.cpp.o
21450-[601/651] Building CXX object src/slic3r/CMakeFiles/libslic3r_gui.dir/Utils/OrcaCloudServiceAgent.cpp.o
21451-[602/651] Building CXX object src/slic3r/CMakeFiles/libslic3r_gui.dir/Utils/QidiPrinterAgent.cpp.o
21452-[603/651] Building CXX object src/slic3r/CMakeFiles/libslic3r_gui.dir/Utils/SnapmakerPrinterAgent.cpp.o
21453-/Users/runner/work/Orca-iOS-ipa/Orca-iOS-ipa/orca/src/slic3r/Utils/SnapmakerPrinterAgent.cpp:43:76: warning: result of comparison of constant 18446744073709551615 with expression of type 'unsigned int' is always true [-Wtautological-constant-out-of-range-compare]
21454-   43 |                 p_color_value         = std::stoul(p_color.substr(hash_pos != std::string::npos ? hash_pos + 1 : 0), nullptr, 16);
21455-      |                                                                   ~~~~~~~~ ^  ~~~~~~~~~~~~~~~~~
21456-1 warning generated.
21457-[604/651] Building CXX object src/slic3r/CMakeFiles/libslic3r_gui.dir/Utils/Moonraker.cpp.o
21458-/Users/runner/work/Orca-iOS-ipa/Orca-iOS-ipa/orca/src/slic3r/Utils/Moonraker.cpp:83:22: warning: lambda capture 'this' is not used [-Wunused-lambda-capture]
21459-   83 |     .on_complete([&, this](std::string body, unsigned) {
21460-      |                    ~~^~~~
21461-/Users/runner/work/Orca-iOS-ipa/Orca-iOS-ipa/orca/src/slic3r/Utils/Moonraker.cpp:144:22: warning: lambda capture 'this' is not used [-Wunused-lambda-capture]
21462-  144 |     .on_complete([&, this](std::string body, unsigned) {
21463-      |                    ~~^~~~
21464-2 warnings generated.
